filename,label
02944.jpg,128
00965.jpg,60
07463.jpg,3
05899.jpg,123
03208.jpg,10
05361.jpg,187
02260.jpg,39
05649.jpg,113
02477.jpg,179
00841.jpg,150
05886.jpg,24
00817.jpg,142
01644.jpg,18
07709.jpg,37
04868.jpg,160
02984.jpg,125
00648.jpg,135
05645.jpg,17
03095.jpg,118
06077.jpg,147
04512.jpg,76
07789.jpg,43
02362.jpg,125
06796.jpg,89
04562.jpg,179
02510.jpg,170
04348.jpg,51
03341.jpg,195
03266.jpg,133
02665.jpg,138
04770.jpg,99
03236.jpg,59
02751.jpg,83
07229.jpg,88
00745.jpg,60
05479.jpg,69
06770.jpg,75
07270.jpg,106
05588.jpg,166
05555.jpg,56
00033.jpg,65
05173.jpg,34
07859.jpg,171
03001.jpg,160
02661.jpg,75
06204.jpg,31
05619.jpg,115
00310.jpg,130
05281.jpg,2
06789.jpg,142
03146.jpg,109
02445.jpg,47
07993.jpg,102
04506.jpg,62
02973.jpg,172
04707.jpg,67
00121.jpg,108
05661.jpg,153
01563.jpg,145
06363.jpg,124
06203.jpg,35
01355.jpg,183
00084.jpg,115
01123.jpg,19
01622.jpg,59
05801.jpg,117
05244.jpg,126
05398.jpg,103
00835.jpg,23
05858.jpg,129
06711.jpg,89
05632.jpg,152
06718.jpg,5
06565.jpg,23
01345.jpg,85
06904.jpg,11
04973.jpg,36
03799.jpg,105
07494.jpg,166
00335.jpg,124
02034.jpg,69
06863.jpg,49
00112.jpg,136
02357.jpg,160
04140.jpg,112
05222.jpg,68
03724.jpg,67
05986.jpg,19
07819.jpg,183
05689.jpg,131
00589.jpg,40
01516.jpg,103
07484.jpg,55
08016.jpg,4
00609.jpg,122
07974.jpg,52
07520.jpg,166
01020.jpg,82
06453.jpg,9
06118.jpg,123
04473.jpg,110
03496.jpg,28
07193.jpg,35
01170.jpg,140
03004.jpg,177
05660.jpg,55
00537.jpg,171
01280.jpg,105
00525.jpg,75
01674.jpg,166
01215.jpg,113
00423.jpg,84
01407.jpg,98
04221.jpg,72
00487.jpg,47
02405.jpg,166
04644.jpg,26
05299.jpg,136
04631.jpg,6
05291.jpg,88
05316.jpg,157
01937.jpg,102
05141.jpg,62
01276.jpg,8
04349.jpg,3
06005.jpg,41
02018.jpg,31
05372.jpg,126
07507.jpg,164
00289.jpg,14
00672.jpg,118
04964.jpg,130
01881.jpg,66
07904.jpg,73
03154.jpg,57
07914.jpg,160
01919.jpg,35
07879.jpg,18
06143.jpg,133
02775.jpg,74
03172.jpg,81
01847.jpg,54
01569.jpg,172
06726.jpg,65
03274.jpg,131
04006.jpg,162
03581.jpg,64
03923.jpg,47
05627.jpg,146
05062.jpg,105
07055.jpg,165
07777.jpg,172
00321.jpg,93
07214.jpg,3
01049.jpg,166
05990.jpg,150
03999.jpg,81
07397.jpg,82
06388.jpg,4
06099.jpg,3
00659.jpg,126
02275.jpg,108
06910.jpg,100
07030.jpg,96
00093.jpg,174
03952.jpg,19
04511.jpg,3
07890.jpg,191
00141.jpg,39
05731.jpg,93
06284.jpg,56
05447.jpg,68
05348.jpg,90
07025.jpg,0
06482.jpg,166
07591.jpg,86
07158.jpg,110
04222.jpg,120
05095.jpg,41
07552.jpg,89
03276.jpg,195
07715.jpg,181
04235.jpg,115
02737.jpg,195
05545.jpg,2
02216.jpg,99
07143.jpg,113
07911.jpg,73
05202.jpg,176
02717.jpg,30
05767.jpg,76
06835.jpg,181
07253.jpg,98
04703.jpg,53
01029.jpg,69
05529.jpg,10
02430.jpg,125
01548.jpg,166
02107.jpg,64
03642.jpg,169
07155.jpg,27
07590.jpg,23
01305.jpg,144
05900.jpg,146
07575.jpg,54
05242.jpg,124
00429.jpg,72
07139.jpg,63
02753.jpg,165
02016.jpg,76
04128.jpg,191
02657.jpg,150
03621.jpg,186
06069.jpg,153
02907.jpg,143
07177.jpg,192
00647.jpg,50
01310.jpg,171
07154.jpg,39
01337.jpg,187
02951.jpg,134
05582.jpg,166
01917.jpg,131
00298.jpg,176
03998.jpg,66
02890.jpg,167
00971.jpg,33
01367.jpg,79
03866.jpg,51
02177.jpg,100
05347.jpg,2
02780.jpg,194
00807.jpg,120
04014.jpg,13
08025.jpg,118
00363.jpg,127
03192.jpg,111
02244.jpg,21
01157.jpg,14
00428.jpg,178
04247.jpg,7
03551.jpg,86
01164.jpg,30
04995.jpg,127
01992.jpg,193
04322.jpg,109
04943.jpg,71
08080.jpg,74
04627.jpg,151
07519.jpg,78
01679.jpg,63
02035.jpg,119
00642.jpg,22
07377.jpg,13
04721.jpg,73
03013.jpg,104
03567.jpg,153
02497.jpg,143
01403.jpg,13
01024.jpg,154
04740.jpg,130
07546.jpg,140
04182.jpg,57
01292.jpg,27
01482.jpg,108
04375.jpg,36
04155.jpg,14
06896.jpg,8
02549.jpg,44
04451.jpg,159
04056.jpg,0
05949.jpg,71
07670.jpg,58
06455.jpg,131
01081.jpg,195
02372.jpg,82
06063.jpg,129
04657.jpg,64
06971.jpg,70
06045.jpg,171
05197.jpg,6
00921.jpg,184
06615.jpg,111
02462.jpg,145
04165.jpg,129
03592.jpg,95
07166.jpg,72
07350.jpg,127
01039.jpg,40
06691.jpg,89
02558.jpg,147
06613.jpg,111
00562.jpg,58
05522.jpg,171
03434.jpg,127
06467.jpg,45
02935.jpg,94
04293.jpg,105
01431.jpg,193
00881.jpg,190
02597.jpg,69
02811.jpg,51
01340.jpg,29
07957.jpg,180
03143.jpg,117
05166.jpg,121
03813.jpg,5
02869.jpg,97
05719.jpg,35
01044.jpg,90
05699.jpg,42
07503.jpg,22
01428.jpg,58
06190.jpg,95
07447.jpg,94
03259.jpg,179
00226.jpg,110
06327.jpg,97
04089.jpg,25
04210.jpg,179
06093.jpg,170
07787.jpg,80
01561.jpg,169
02098.jpg,57
07287.jpg,131
06570.jpg,12
03120.jpg,115
01163.jpg,86
07598.jpg,42
07273.jpg,15
03821.jpg,25
08132.jpg,152
06228.jpg,105
00614.jpg,114
06481.jpg,118
03160.jpg,96
00955.jpg,80
05874.jpg,103
04241.jpg,14
06086.jpg,92
07967.jpg,94
02126.jpg,142
07900.jpg,193
01957.jpg,134
01514.jpg,126
00879.jpg,90
03805.jpg,143
03770.jpg,153
02572.jpg,176
05219.jpg,169
02041.jpg,20
03713.jpg,156
07184.jpg,188
05633.jpg,29
03826.jpg,57
00563.jpg,129
05402.jpg,36
01609.jpg,17
06040.jpg,34
04607.jpg,105
07439.jpg,11
05120.jpg,193
02383.jpg,87
07123.jpg,77
02066.jpg,97
04877.jpg,133
07024.jpg,159
04917.jpg,106
00915.jpg,94
02048.jpg,75
00399.jpg,25
03296.jpg,170
02136.jpg,130
00611.jpg,79
08041.jpg,164
00156.jpg,173
02794.jpg,48
06227.jpg,13
05261.jpg,1
03773.jpg,139
07794.jpg,120
04059.jpg,22
02495.jpg,184
03131.jpg,119
06707.jpg,104
01742.jpg,130
05540.jpg,46
05670.jpg,42
04265.jpg,149
01119.jpg,143
06650.jpg,75
03568.jpg,28
01377.jpg,96
00657.jpg,37
00105.jpg,132
07005.jpg,10
05279.jpg,141
07632.jpg,142
07755.jpg,128
00491.jpg,120
01523.jpg,182
06737.jpg,109
00553.jpg,186
04405.jpg,76
02163.jpg,169
04727.jpg,34
06475.jpg,22
05745.jpg,78
05579.jpg,9
02218.jpg,144
03577.jpg,89
03536.jpg,91
06236.jpg,22
05229.jpg,108
05806.jpg,118
03524.jpg,111
07930.jpg,15
04724.jpg,8
04939.jpg,104
04194.jpg,77
01425.jpg,10
02595.jpg,133
00694.jpg,61
07850.jpg,58
05029.jpg,39
06883.jpg,58
07977.jpg,167
03914.jpg,175
07555.jpg,96
05079.jpg,158
07933.jpg,107
08063.jpg,120
05045.jpg,191
01542.jpg,72
00032.jpg,138
05057.jpg,3
04037.jpg,90
03604.jpg,67
03776.jpg,93
07132.jpg,45
06071.jpg,18
04199.jpg,108
06655.jpg,142
04214.jpg,118
06780.jpg,60
05211.jpg,179
05039.jpg,177
01572.jpg,79
00872.jpg,54
00820.jpg,62
02744.jpg,60
06977.jpg,148
05199.jpg,118
06622.jpg,174
00014.jpg,84
02960.jpg,153
02434.jpg,129
01474.jpg,153
05192.jpg,52
07820.jpg,111
03493.jpg,177
02956.jpg,84
08040.jpg,56
02298.jpg,110
02663.jpg,2
02911.jpg,5
04446.jpg,103
07426.jpg,52
02321.jpg,159
05785.jpg,168
02031.jpg,124
01184.jpg,45
05308.jpg,127
01071.jpg,59
06120.jpg,57
06515.jpg,11
01003.jpg,191
05786.jpg,59
01323.jpg,113
03082.jpg,92
07582.jpg,180
05169.jpg,193
05703.jpg,168
01618.jpg,187
04318.jpg,85
00229.jpg,135
05910.jpg,105
04843.jpg,128
02574.jpg,96
02765.jpg,130
05395.jpg,28
00797.jpg,190
01255.jpg,5
00124.jpg,52
00960.jpg,107
06679.jpg,146
06950.jpg,166
01651.jpg,75
07105.jpg,96
02649.jpg,27
05671.jpg,5
06611.jpg,53
07200.jpg,146
06866.jpg,186
04415.jpg,153
00623.jpg,35
04185.jpg,177
01486.jpg,14
01758.jpg,113
04287.jpg,159
03238.jpg,3
06734.jpg,25
02562.jpg,172
02740.jpg,55
06133.jpg,112
03965.jpg,4
01958.jpg,84
01997.jpg,191
00211.jpg,175
00512.jpg,103
05257.jpg,100
07122.jpg,59
02488.jpg,86
02522.jpg,88
06048.jpg,56
02993.jpg,7
04817.jpg,49
06882.jpg,78
00878.jpg,5
07951.jpg,48
03730.jpg,90
00481.jpg,14
06704.jpg,24
03618.jpg,98
06038.jpg,159
01165.jpg,35
05445.jpg,27
07968.jpg,51
02391.jpg,36
02812.jpg,176
07258.jpg,23
00349.jpg,88
05059.jpg,103
01251.jpg,15
02594.jpg,9
01701.jpg,94
00665.jpg,155
08119.jpg,66
01960.jpg,168
07389.jpg,31
03563.jpg,104
05772.jpg,36
03407.jpg,127
06837.jpg,163
02440.jpg,88
04297.jpg,97
08133.jpg,2
03678.jpg,189
03265.jpg,5
06806.jpg,125
04328.jpg,41
00791.jpg,134
07788.jpg,191
03609.jpg,165
03906.jpg,73
00092.jpg,137
05434.jpg,2
07646.jpg,14
03080.jpg,175
01440.jpg,87
02496.jpg,117
06396.jpg,53
07458.jpg,42
00285.jpg,193
04922.jpg,146
02829.jpg,94
00739.jpg,57
02410.jpg,32
06269.jpg,6
08009.jpg,161
01640.jpg,11
07834.jpg,175
05478.jpg,33
04523.jpg,103
01732.jpg,86
03054.jpg,4
03606.jpg,56
07915.jpg,135
06270.jpg,55
07046.jpg,79
02881.jpg,75
04397.jpg,110
04176.jpg,17
03988.jpg,63
00251.jpg,166
02792.jpg,53
05728.jpg,75
03162.jpg,26
04228.jpg,180
06567.jpg,58
06474.jpg,139
04281.jpg,162
01451.jpg,157
01443.jpg,33
02288.jpg,121
00228.jpg,140
05777.jpg,187
03530.jpg,154
06573.jpg,188
03964.jpg,70
05470.jpg,79
03839.jpg,24
04963.jpg,178
03049.jpg,157
01385.jpg,173
00350.jpg,85
00037.jpg,37
04981.jpg,144
00823.jpg,61
00235.jpg,110
05800.jpg,44
03519.jpg,112
02635.jpg,163
02898.jpg,76
04641.jpg,185
02334.jpg,24
05475.jpg,171
03092.jpg,163
02784.jpg,45
07472.jpg,64
04413.jpg,131
07435.jpg,184
07427.jpg,116
04709.jpg,134
00707.jpg,0
06665.jpg,48
03669.jpg,75
06928.jpg,137
07828.jpg,118
07703.jpg,64
05230.jpg,156
02266.jpg,51
07698.jpg,179
05500.jpg,84
05183.jpg,24
03687.jpg,102
01430.jpg,73
07323.jpg,133
04683.jpg,139
02731.jpg,99
05176.jpg,61
02299.jpg,67
03947.jpg,182
06424.jpg,92
03648.jpg,148
06685.jpg,150
02377.jpg,7
03788.jpg,141
04195.jpg,19
06808.jpg,148
00207.jpg,92
05829.jpg,141
06053.jpg,118
00364.jpg,52
00725.jpg,62
03818.jpg,13
00081.jpg,7
01525.jpg,99
04237.jpg,19
05001.jpg,178
03169.jpg,2
01406.jpg,143
06418.jpg,161
01510.jpg,179
01893.jpg,118
04855.jpg,138
07474.jpg,84
01375.jpg,169
06371.jpg,178
02669.jpg,1
05811.jpg,58
03523.jpg,7
07147.jpg,191
05425.jpg,24
04007.jpg,194
06891.jpg,28
07672.jpg,35
03226.jpg,21
05177.jpg,16
04730.jpg,168
00700.jpg,4
01058.jpg,92
04542.jpg,170
01327.jpg,73
05421.jpg,50
06199.jpg,52
01586.jpg,150
02557.jpg,87
00973.jpg,91
04799.jpg,68
07774.jpg,16
07419.jpg,58
06998.jpg,174
00063.jpg,100
03345.jpg,193
00344.jpg,144
07554.jpg,75
01611.jpg,98
07482.jpg,97
03151.jpg,111
06785.jpg,179
03094.jpg,53
03396.jpg,164
01956.jpg,55
02618.jpg,123
04694.jpg,158
03890.jpg,147
02401.jpg,192
03463.jpg,118
07374.jpg,157
04710.jpg,167
01678.jpg,9
05615.jpg,139
02668.jpg,83
04453.jpg,55
06123.jpg,182
00989.jpg,52
03104.jpg,50
07795.jpg,142
02801.jpg,48
01084.jpg,48
03598.jpg,132
01180.jpg,15
04170.jpg,84
05826.jpg,90
06674.jpg,187
06185.jpg,144
05553.jpg,187
00846.jpg,85
06715.jpg,52
05857.jpg,13
00110.jpg,179
02703.jpg,185
00292.jpg,9
06101.jpg,144
07882.jpg,159
05378.jpg,72
00722.jpg,73
04905.jpg,184
01598.jpg,110
03096.jpg,96
04197.jpg,7
02763.jpg,61
08055.jpg,21
03367.jpg,19
02087.jpg,29
01871.jpg,39
00759.jpg,46
05489.jpg,81
07092.jpg,190
02652.jpg,145
04068.jpg,116
03163.jpg,65
03807.jpg,96
03728.jpg,195
01812.jpg,58
04053.jpg,80
06886.jpg,56
01763.jpg,174
05201.jpg,96
07893.jpg,161
03961.jpg,67
02995.jpg,181
01074.jpg,68
03593.jpg,191
05040.jpg,24
04423.jpg,161
07746.jpg,155
04005.jpg,190
06165.jpg,66
06794.jpg,46
04569.jpg,176
05419.jpg,98
00136.jpg,121
06039.jpg,119
02118.jpg,100
05957.jpg,103
00579.jpg,32
00849.jpg,59
00936.jpg,14
05450.jpg,95
05123.jpg,95
03662.jpg,8
07637.jpg,183
00591.jpg,49
04038.jpg,30
03591.jpg,143
07163.jpg,103
02548.jpg,118
01669.jpg,132
01931.jpg,135
04492.jpg,140
07903.jpg,158
03542.jpg,139
01287.jpg,159
07523.jpg,97
04938.jpg,85
05672.jpg,57
05157.jpg,150
05036.jpg,163
06420.jpg,109
03191.jpg,4
03032.jpg,59
05784.jpg,88
07616.jpg,172
02065.jpg,1
04407.jpg,56
03384.jpg,84
00189.jpg,182
02651.jpg,96
02134.jpg,56
06442.jpg,192
06248.jpg,89
06606.jpg,151
02839.jpg,162
07906.jpg,118
05269.jpg,68
03644.jpg,20
02699.jpg,171
02815.jpg,173
06334.jpg,91
07595.jpg,141
06169.jpg,24
07108.jpg,44
00330.jpg,165
07298.jpg,116
01859.jpg,171
07145.jpg,148
04003.jpg,58
06466.jpg,74
00601.jpg,62
02222.jpg,58
06483.jpg,138
01142.jpg,30
04088.jpg,53
07400.jpg,181
05534.jpg,7
03307.jpg,194
07799.jpg,178
05232.jpg,191
07303.jpg,124
02870.jpg,193
05429.jpg,23
02180.jpg,167
00540.jpg,71
05084.jpg,97
04203.jpg,142
00202.jpg,89
06873.jpg,17
07854.jpg,20
06406.jpg,2
02615.jpg,107
07725.jpg,187
05168.jpg,67
04351.jpg,34
05789.jpg,174
03685.jpg,69
05117.jpg,186
05267.jpg,64
06901.jpg,81
06958.jpg,178
07396.jpg,43
07536.jpg,50
05156.jpg,30
02290.jpg,118
00656.jpg,184
07748.jpg,166
06627.jpg,114
04757.jpg,51
00353.jpg,116
07790.jpg,101
00996.jpg,103
03631.jpg,116
03217.jpg,60
04482.jpg,3
05190.jpg,92
00020.jpg,56
05999.jpg,158
05746.jpg,134
03373.jpg,76
07699.jpg,53
05607.jpg,190
02861.jpg,101
02079.jpg,74
04362.jpg,159
02125.jpg,73
06801.jpg,58
05487.jpg,116
07354.jpg,35
01076.jpg,38
05446.jpg,57
07406.jpg,69
06589.jpg,54
07500.jpg,195
02724.jpg,107
02188.jpg,29
06452.jpg,144
06740.jpg,165
06721.jpg,150
05528.jpg,190
05856.jpg,181
01575.jpg,103
07125.jpg,165
04484.jpg,4
00438.jpg,25
04123.jpg,114
01172.jpg,121
01554.jpg,172
05243.jpg,87
03532.jpg,173
07401.jpg,150
01339.jpg,93
03937.jpg,188
06450.jpg,12
01814.jpg,193
01949.jpg,70
04572.jpg,81
01770.jpg,46
06926.jpg,149
05187.jpg,105
04729.jpg,37
05322.jpg,187
03053.jpg,111
05389.jpg,170
06490.jpg,76
06355.jpg,55
02297.jpg,119
00138.jpg,55
02857.jpg,106
04417.jpg,177
01360.jpg,58
02552.jpg,104
05334.jpg,70
07252.jpg,30
07675.jpg,163
06516.jpg,2
05254.jpg,122
05013.jpg,60
00670.jpg,1
00021.jpg,78
05920.jpg,137
00080.jpg,110
00218.jpg,76
01578.jpg,10
05377.jpg,114
02980.jpg,161
01148.jpg,9
04398.jpg,175
07279.jpg,0
04979.jpg,54
04980.jpg,126
05947.jpg,27
05145.jpg,43
00494.jpg,172
04133.jpg,127
02537.jpg,79
04050.jpg,78
01608.jpg,12
03105.jpg,94
00516.jpg,52
06725.jpg,144
04833.jpg,5
05684.jpg,86
00541.jpg,121
06308.jpg,36
04028.jpg,171
03865.jpg,33
01936.jpg,145
00388.jpg,130
06207.jpg,174
04573.jpg,185
03764.jpg,15
03446.jpg,161
05716.jpg,88
02642.jpg,184
02027.jpg,27
06313.jpg,4
00606.jpg,97
08091.jpg,94
07613.jpg,111
02138.jpg,163
06897.jpg,161
03294.jpg,33
03361.jpg,36
00789.jpg,161
00306.jpg,82
06628.jpg,58
01250.jpg,181
07581.jpg,137
00374.jpg,5
05585.jpg,155
02207.jpg,72
00059.jpg,89
01111.jpg,188
02468.jpg,34
02666.jpg,128
02464.jpg,12
07290.jpg,0
07714.jpg,78
07642.jpg,179
06750.jpg,94
02584.jpg,11
05584.jpg,33
03394.jpg,163
00100.jpg,70
03362.jpg,148
05160.jpg,106
05556.jpg,45
00565.jpg,182
05550.jpg,93
06832.jpg,7
03355.jpg,66
00179.jpg,154
03910.jpg,165
00480.jpg,108
07224.jpg,108
04008.jpg,61
04580.jpg,23
01402.jpg,117
06125.jpg,63
07368.jpg,136
02674.jpg,12
05954.jpg,179
02117.jpg,152
00689.jpg,23
01948.jpg,24
04385.jpg,34
05304.jpg,7
06574.jpg,27
00356.jpg,114
07124.jpg,157
03305.jpg,86
06318.jpg,152
02052.jpg,46
02208.jpg,178
02684.jpg,85
03401.jpg,61
06235.jpg,181
07664.jpg,68
02492.jpg,134
00942.jpg,61
00684.jpg,24
03392.jpg,163
03409.jpg,143
00463.jpg,88
03136.jpg,127
05907.jpg,172
01436.jpg,159
01596.jpg,162
01285.jpg,194
01619.jpg,97
03663.jpg,136
01417.jpg,155
02230.jpg,68
03278.jpg,45
06714.jpg,32
02987.jpg,180
07120.jpg,80
03241.jpg,3
03487.jpg,182
06807.jpg,60
07973.jpg,81
06119.jpg,84
04924.jpg,42
03346.jpg,167
02533.jpg,76
00905.jpg,72
01194.jpg,122
04141.jpg,183
01981.jpg,30
05492.jpg,189
07892.jpg,49
06530.jpg,7
05038.jpg,113
04095.jpg,107
07596.jpg,149
06017.jpg,104
00784.jpg,102
05053.jpg,179
04180.jpg,64
06518.jpg,6
02790.jpg,89
06182.jpg,104
03721.jpg,21
05474.jpg,114
00421.jpg,151
02093.jpg,112
05770.jpg,177
03428.jpg,113
06959.jpg,79
01589.jpg,14
01027.jpg,49
08066.jpg,114
01035.jpg,134
02270.jpg,100
05158.jpg,38
02833.jpg,163
04118.jpg,82
02614.jpg,76
00899.jpg,19
03978.jpg,101
06687.jpg,95
02111.jpg,4
07618.jpg,43
03153.jpg,178
00466.jpg,177
05779.jpg,43
07568.jpg,154
01466.jpg,141
03430.jpg,190
06315.jpg,148
03518.jpg,182
00493.jpg,113
00923.jpg,50
05102.jpg,84
03312.jpg,110
07741.jpg,165
06399.jpg,160
02855.jpg,77
03390.jpg,9
06598.jpg,32
01211.jpg,107
02486.jpg,67
01864.jpg,5
01094.jpg,21
00932.jpg,58
00865.jpg,16
03633.jpg,164
00840.jpg,57
07134.jpg,31
07952.jpg,127
06800.jpg,41
01286.jpg,129
03366.jpg,185
01762.jpg,11
01911.jpg,5
00994.jpg,111
06485.jpg,9
00474.jpg,128
00761.jpg,86
00107.jpg,130
00340.jpg,8
00547.jpg,46
02351.jpg,133
00556.jpg,162
00982.jpg,155
01748.jpg,129
02072.jpg,144
04143.jpg,170
06502.jpg,69
06643.jpg,63
00182.jpg,169
04936.jpg,71
02827.jpg,163
02994.jpg,55
06561.jpg,189
07322.jpg,125
07331.jpg,94
01624.jpg,28
06031.jpg,100
04355.jpg,192
01126.jpg,44
01861.jpg,147
02367.jpg,28
05654.jpg,27
04613.jpg,41
02910.jpg,55
00909.jpg,61
00754.jpg,94
05946.jpg,43
03494.jpg,154
01543.jpg,161
03121.jpg,24
06917.jpg,59
07404.jpg,193
02336.jpg,36
01703.jpg,45
01034.jpg,1
02886.jpg,147
02716.jpg,82
01777.jpg,100
02120.jpg,141
04093.jpg,146
06817.jpg,105
04574.jpg,121
07822.jpg,18
05019.jpg,139
05154.jpg,148
05496.jpg,89
06356.jpg,73
03760.jpg,39
02626.jpg,104
03812.jpg,170
05975.jpg,154
00451.jpg,188
03484.jpg,66
04743.jpg,103
00576.jpg,118
01950.jpg,162
00944.jpg,45
07696.jpg,5
00054.jpg,96
00436.jpg,50
07054.jpg,114
02607.jpg,148
05250.jpg,108
06003.jpg,102
06019.jpg,89
06209.jpg,86
03068.jpg,136
04204.jpg,79
05696.jpg,168
07318.jpg,146
06753.jpg,146
05846.jpg,111
04617.jpg,111
05732.jpg,112
07204.jpg,179
03572.jpg,101
03138.jpg,47
04908.jpg,157
02800.jpg,22
02091.jpg,71
07547.jpg,49
02865.jpg,71
06790.jpg,81
04472.jpg,30
02882.jpg,62
03844.jpg,10
04339.jpg,35
05408.jpg,18
03353.jpg,48
00883.jpg,130
03454.jpg,8
06532.jpg,169
01736.jpg,68
03681.jpg,84
01587.jpg,169
00543.jpg,185
00959.jpg,150
05652.jpg,156
05581.jpg,160
00983.jpg,127
00810.jpg,110
01127.jpg,28
04352.jpg,96
07479.jpg,55
05350.jpg,173
07677.jpg,108
01140.jpg,190
02670.jpg,4
06720.jpg,124
06684.jpg,56
05708.jpg,188
06365.jpg,171
02484.jpg,9
04369.jpg,123
00425.jpg,6
05225.jpg,177
04341.jpg,90
01038.jpg,181
07043.jpg,101
07992.jpg,136
00426.jpg,193
08030.jpg,98
03943.jpg,0
06180.jpg,73
07803.jpg,79
04839.jpg,14
03879.jpg,52
06187.jpg,88
00837.jpg,77
01765.jpg,110
01013.jpg,151
07167.jpg,57
03385.jpg,185
00808.jpg,118
04741.jpg,45
01602.jpg,153
06939.jpg,124
03748.jpg,191
06084.jpg,80
00200.jpg,15
01000.jpg,118
03216.jpg,72
02363.jpg,0
01628.jpg,106
03795.jpg,3
01203.jpg,170
04811.jpg,172
07282.jpg,168
02279.jpg,193
07069.jpg,122
01411.jpg,54
05825.jpg,88
00274.jpg,19
03696.jpg,75
01152.jpg,77
07392.jpg,2
03850.jpg,76
05852.jpg,37
04818.jpg,11
03279.jpg,131
06647.jpg,70
06717.jpg,165
04556.jpg,47
07029.jpg,50
07786.jpg,120
07006.jpg,187
04383.jpg,158
02526.jpg,159
03699.jpg,70
07706.jpg,3
02879.jpg,75
07934.jpg,182
00103.jpg,60
05271.jpg,17
06706.jpg,176
05595.jpg,67
04851.jpg,134
00928.jpg,56
06651.jpg,93
03968.jpg,5
02512.jpg,86
01593.jpg,37
00008.jpg,95
02375.jpg,109
06834.jpg,66
04072.jpg,7
07574.jpg,25
01926.jpg,102
03263.jpg,167
07501.jpg,25
00003.jpg,90
00393.jpg,194
07766.jpg,45
04042.jpg,92
00412.jpg,175
03966.jpg,146
00091.jpg,164
03613.jpg,193
02387.jpg,152
05126.jpg,151
05178.jpg,78
02504.jpg,27
02644.jpg,105
03223.jpg,110
04633.jpg,135
00857.jpg,117
07553.jpg,23
01372.jpg,12
00395.jpg,130
00753.jpg,105
07165.jpg,59
08042.jpg,49
06853.jpg,120
00413.jpg,79
04967.jpg,81
02762.jpg,103
00205.jpg,22
02135.jpg,86
03849.jpg,38
01724.jpg,114
05502.jpg,179
07394.jpg,108
03148.jpg,180
06773.jpg,138
04227.jpg,76
01267.jpg,126
03641.jpg,4
04301.jpg,156
05295.jpg,1
02407.jpg,195
05546.jpg,137
01373.jpg,129
03873.jpg,184
00578.jpg,11
07309.jpg,141
06536.jpg,20
00131.jpg,170
07335.jpg,159
00762.jpg,171
07585.jpg,49
01006.jpg,169
00585.jpg,88
00801.jpg,102
00711.jpg,168
01684.jpg,150
01821.jpg,28
00050.jpg,41
04205.jpg,30
01840.jpg,143
07955.jpg,116
07747.jpg,160
07878.jpg,23
05048.jpg,9
05239.jpg,99
04861.jpg,181
04701.jpg,97
00668.jpg,79
04358.jpg,194
03632.jpg,69
04467.jpg,87
06986.jpg,99
01301.jpg,143
06060.jpg,53
04581.jpg,19
04520.jpg,125
02419.jpg,29
06943.jpg,122
04114.jpg,132
01776.jpg,174
07226.jpg,84
04529.jpg,164
01351.jpg,111
00592.jpg,33
07038.jpg,146
07652.jpg,176
06216.jpg,97
07649.jpg,17
00613.jpg,168
02191.jpg,155
05325.jpg,168
02217.jpg,138
05788.jpg,71
04892.jpg,1
05620.jpg,181
05609.jpg,112
03008.jpg,0
08070.jpg,61
06461.jpg,93
06350.jpg,97
02378.jpg,8
01187.jpg,156
03437.jpg,180
04505.jpg,27
02178.jpg,126
00980.jpg,100
03514.jpg,79
01933.jpg,46
04134.jpg,146
01895.jpg,75
04323.jpg,30
06232.jpg,162
02893.jpg,85
01946.jpg,77
02199.jpg,103
01982.jpg,106
05756.jpg,155
07636.jpg,175
01547.jpg,93
04340.jpg,90
07168.jpg,41
02214.jpg,17
02459.jpg,71
06337.jpg,121
02575.jpg,60
06584.jpg,121
04304.jpg,171
02959.jpg,189
03244.jpg,31
00453.jpg,120
05835.jpg,52
07195.jpg,17
01509.jpg,50
04942.jpg,7
04360.jpg,55
00217.jpg,17
07912.jpg,95
08017.jpg,64
04859.jpg,173
06156.jpg,85
00026.jpg,133
02912.jpg,73
05379.jpg,34
02585.jpg,83
05536.jpg,83
07881.jpg,129
02530.jpg,161
06733.jpg,133
02071.jpg,126
03414.jpg,150
05876.jpg,152
01448.jpg,109
08031.jpg,0
06258.jpg,148
01171.jpg,87
04577.jpg,178
06250.jpg,165
02761.jpg,89
02109.jpg,47
08027.jpg,12
02609.jpg,63
04752.jpg,99
00219.jpg,17
02323.jpg,24
03901.jpg,64
00528.jpg,120
00800.jpg,106
00072.jpg,93
03883.jpg,129
07032.jpg,109
07395.jpg,73
00631.jpg,4
06616.jpg,22
03174.jpg,35
04055.jpg,99
07098.jpg,106
03261.jpg,69
06743.jpg,192
05653.jpg,89
06713.jpg,45
05504.jpg,167
02274.jpg,3
00941.jpg,125
07769.jpg,6
06066.jpg,67
04174.jpg,174
04598.jpg,89
05733.jpg,135
00667.jpg,134
02303.jpg,49
00191.jpg,142
04242.jpg,146
03757.jpg,52
02983.jpg,168
02221.jpg,31
04698.jpg,176
04389.jpg,84
00866.jpg,51
05964.jpg,20
02314.jpg,1
03859.jpg,170
04216.jpg,7
05121.jpg,123
06137.jpg,80
06529.jpg,10
00786.jpg,190
06381.jpg,8
07641.jpg,147
04017.jpg,140
03742.jpg,126
03559.jpg,55
01744.jpg,143
05385.jpg,191
07256.jpg,68
00060.jpg,123
07984.jpg,178
03085.jpg,66
06416.jpg,187
02721.jpg,115
01876.jpg,48
04808.jpg,158
08083.jpg,163
02421.jpg,158
02006.jpg,33
05840.jpg,49
01784.jpg,94
01100.jpg,130
06775.jpg,105
01565.jpg,164
05950.jpg,143
00187.jpg,159
03860.jpg,38
01857.jpg,43
05293.jpg,137
07160.jpg,168
03787.jpg,137
00157.jpg,137
07021.jpg,94
01085.jpg,13
07724.jpg,104
05328.jpg,62
04313.jpg,20
08124.jpg,39
01212.jpg,89
00286.jpg,194
07873.jpg,144
05310.jpg,38
01004.jpg,55
00172.jpg,162
04273.jpg,145
00242.jpg,101
00130.jpg,142
00572.jpg,182
03076.jpg,178
06609.jpg,110
04252.jpg,6
06437.jpg,118
04824.jpg,161
03303.jpg,154
07922.jpg,33
02152.jpg,26
04832.jpg,27
02622.jpg,89
07579.jpg,148
00880.jpg,7
06746.jpg,112
05915.jpg,136
05718.jpg,9
01781.jpg,116
02026.jpg,123
00618.jpg,88
04266.jpg,29
05294.jpg,149
05562.jpg,88
01043.jpg,123
06625.jpg,104
02726.jpg,71
01460.jpg,173
05312.jpg,44
06912.jpg,114
06845.jpg,13
03388.jpg,136
02677.jpg,109
08000.jpg,161
07473.jpg,150
06766.jpg,157
01205.jpg,40
01108.jpg,54
04780.jpg,191
07701.jpg,164
07738.jpg,120
01295.jpg,93
03058.jpg,97
04126.jpg,41
02550.jpg,28
01302.jpg,177
02844.jpg,195
05978.jpg,91
06504.jpg,160
03070.jpg,39
01161.jpg,81
04306.jpg,173
06936.jpg,140
04700.jpg,93
05091.jpg,114
00379.jpg,53
03108.jpg,108
03529.jpg,84
07159.jpg,109
01398.jpg,110
03779.jpg,185
02283.jpg,185
02638.jpg,88
04819.jpg,21
06571.jpg,1
03376.jpg,50
06246.jpg,124
00390.jpg,159
04064.jpg,114
00809.jpg,159
06632.jpg,194
00650.jpg,31
04067.jpg,32
05171.jpg,194
07524.jpg,26
01191.jpg,115
01464.jpg,192
07512.jpg,136
05580.jpg,96
07333.jpg,170
08127.jpg,4
07539.jpg,90
01610.jpg,39
05531.jpg,83
01733.jpg,12
07104.jpg,77
07572.jpg,12
06307.jpg,57
03975.jpg,42
02310.jpg,106
04196.jpg,163
01660.jpg,99
01752.jpg,59
04011.jpg,1
01239.jpg,27
03417.jpg,4
00268.jpg,73
02841.jpg,169
02281.jpg,92
05764.jpg,77
02467.jpg,138
05712.jpg,128
03511.jpg,4
04791.jpg,152
06370.jpg,153
02782.jpg,62
03257.jpg,178
01109.jpg,166
05454.jpg,39
06016.jpg,186
05276.jpg,153
06507.jpg,138
07700.jpg,80
06755.jpg,134
05807.jpg,160
06341.jpg,152
05288.jpg,175
01121.jpg,190
04643.jpg,80
04215.jpg,193
06124.jpg,49
01564.jpg,161
04867.jpg,156
05913.jpg,119
06509.jpg,21
01786.jpg,9
07430.jpg,93
01349.jpg,143
08128.jpg,111
06310.jpg,106
02130.jpg,18
02505.jpg,17
01970.jpg,15
00626.jpg,53
06029.jpg,69
05215.jpg,182
07413.jpg,194
03228.jpg,93
01688.jpg,105
04253.jpg,170
00552.jpg,45
07172.jpg,181
00316.jpg,122
06660.jpg,5
04806.jpg,28
05012.jpg,194
04202.jpg,140
02706.jpg,52
07980.jpg,69
01092.jpg,24
05644.jpg,22
05883.jpg,117
04538.jpg,193
06271.jpg,87
01173.jpg,144
07650.jpg,178
07623.jpg,176
07465.jpg,93
01746.jpg,78
05426.jpg,21
06809.jpg,105
00458.jpg,107
01145.jpg,120
06629.jpg,108
07441.jpg,192
04489.jpg,81
06549.jpg,42
06708.jpg,11
05355.jpg,168
01176.jpg,64
02521.jpg,176
00597.jpg,74
06392.jpg,44
05139.jpg,153
00961.jpg,160
02967.jpg,42
00241.jpg,169
06850.jpg,4
00902.jpg,188
00210.jpg,172
06996.jpg,91
06065.jpg,137
07070.jpg,77
01257.jpg,132
05142.jpg,91
01181.jpg,125
00566.jpg,28
05687.jpg,153
04668.jpg,52
04023.jpg,25
04759.jpg,116
05094.jpg,37
05623.jpg,174
06797.jpg,145
04891.jpg,71
05572.jpg,18
07305.jpg,175
00859.jpg,29
05453.jpg,42
05473.jpg,24
05047.jpg,154
06013.jpg,194
06212.jpg,47
05554.jpg,83
05067.jpg,18
00937.jpg,140
06594.jpg,104
06510.jpg,149
07115.jpg,21
01696.jpg,187
05272.jpg,20
05073.jpg,102
02842.jpg,74
04785.jpg,113
00900.jpg,174
01206.jpg,27
02500.jpg,134
05394.jpg,195
03765.jpg,16
07202.jpg,195
01253.jpg,36
03627.jpg,147
07257.jpg,64
00616.jpg,97
02998.jpg,122
02789.jpg,40
00755.jpg,11
04502.jpg,65
01344.jpg,125
00383.jpg,57
01446.jpg,143
06412.jpg,142
02525.jpg,184
06749.jpg,120
01721.jpg,95
03039.jpg,93
03195.jpg,53
02104.jpg,172
02640.jpg,74
00169.jpg,118
03329.jpg,86
02155.jpg,44
02766.jpg,13
03657.jpg,80
02127.jpg,37
07237.jpg,63
00625.jpg,132
05195.jpg,169
04438.jpg,117
07515.jpg,155
07617.jpg,146
00152.jpg,46
04107.jpg,147
01767.jpg,10
01900.jpg,114
04845.jpg,69
00882.jpg,181
06537.jpg,68
05191.jpg,58
07643.jpg,78
07183.jpg,121
04635.jpg,177
06933.jpg,144
07750.jpg,123
07075.jpg,53
04931.jpg,15
00469.jpg,92
04435.jpg,160
01133.jpg,55
06981.jpg,173
02567.jpg,163
00895.jpg,132
02474.jpg,13
05958.jpg,128
02939.jpg,71
06547.jpg,69
00170.jpg,118
02129.jpg,147
05376.jpg,193
00825.jpg,22
00716.jpg,37
03393.jpg,0
07450.jpg,4
02143.jpg,171
06080.jpg,33
07667.jpg,145
05688.jpg,23
04985.jpg,116
04656.jpg,145
06922.jpg,132
00992.jpg,167
03397.jpg,95
05182.jpg,104
00495.jpg,85
06070.jpg,138
06931.jpg,86
02292.jpg,17
01262.jpg,83
03656.jpg,66
00220.jpg,106
04551.jpg,27
06899.jpg,147
02429.jpg,97
04592.jpg,92
03375.jpg,120
06673.jpg,188
04319.jpg,164
02181.jpg,47
04655.jpg,183
01321.jpg,176
01687.jpg,29
07047.jpg,70
02838.jpg,97
02778.jpg,154
06826.jpg,21
06349.jpg,148
01799.jpg,83
00794.jpg,138
07744.jpg,124
05724.jpg,72
03425.jpg,42
08007.jpg,35
00788.jpg,114
00424.jpg,4
01363.jpg,139
06062.jpg,88
03688.jpg,132
02556.jpg,20
00779.jpg,67
07063.jpg,140
04234.jpg,73
05390.jpg,112
07981.jpg,92
03089.jpg,145
00406.jpg,74
06840.jpg,160
05367.jpg,192
03931.jpg,166
04773.jpg,166
03190.jpg,164
02755.jpg,191
05865.jpg,39
04570.jpg,166
02224.jpg,79
01993.jpg,33
05921.jpg,0
03185.jpg,55
06689.jpg,184
03181.jpg,33
05217.jpg,147
02226.jpg,116
03150.jpg,117
02165.jpg,23
08033.jpg,35
00795.jpg,50
00250.jpg,189
00757.jpg,123
02358.jpg,168
05666.jpg,184
04771.jpg,40
00005.jpg,105
00985.jpg,36
08054.jpg,116
02342.jpg,136
04488.jpg,174
01507.jpg,183
05740.jpg,54
07907.jpg,67
05449.jpg,69
01663.jpg,26
04586.jpg,114
04292.jpg,10
03211.jpg,54
02920.jpg,123
00848.jpg,159
04974.jpg,130
05707.jpg,43
00150.jpg,7
02142.jpg,69
05842.jpg,73
02149.jpg,47
03432.jpg,82
01316.jpg,56
02144.jpg,25
03516.jpg,74
06091.jpg,74
02356.jpg,138
03505.jpg,86
02233.jpg,27
05890.jpg,192
02211.jpg,115
01248.jpg,159
05106.jpg,124
01093.jpg,92
01230.jpg,73
00887.jpg,0
03684.jpg,35
05942.jpg,67
05026.jpg,136
07210.jpg,173
05859.jpg,109
08113.jpg,116
02396.jpg,86
06009.jpg,159
05330.jpg,25
00603.jpg,15
06170.jpg,182
06952.jpg,40
04679.jpg,48
02598.jpg,13
03271.jpg,185
01904.jpg,75
04910.jpg,103
01459.jpg,61
03555.jpg,192
04178.jpg,181
03061.jpg,113
04371.jpg,148
04310.jpg,57
07373.jpg,192
05563.jpg,178
04579.jpg,126
02164.jpg,30
00925.jpg,72
05791.jpg,88
07469.jpg,56
02509.jpg,32
07153.jpg,118
07112.jpg,49
00119.jpg,146
04368.jpg,71
02436.jpg,60
05065.jpg,114
00181.jpg,67
00048.jpg,176
04937.jpg,138
05760.jpg,44
01130.jpg,42
04986.jpg,119
04139.jpg,122
00827.jpg,131
05611.jpg,95
04772.jpg,75
04335.jpg,184
00036.jpg,103
00816.jpg,56
07857.jpg,165
00317.jpg,157
02650.jpg,187
06821.jpg,189
01886.jpg,99
01414.jpg,90
06868.jpg,83
05358.jpg,119
05189.jpg,145
05631.jpg,169
06215.jpg,49
06533.jpg,126
06078.jpg,26
06032.jpg,66
04652.jpg,10
08062.jpg,53
00554.jpg,137
03063.jpg,155
04902.jpg,97
07245.jpg,73
01680.jpg,8
05387.jpg,186
03596.jpg,190
00201.jpg,11
03474.jpg,147
05226.jpg,24
00751.jpg,54
00500.jpg,83
05537.jpg,175
02176.jpg,16
04888.jpg,89
05543.jpg,64
03124.jpg,166
00728.jpg,72
06727.jpg,169
02531.jpg,88
05614.jpg,63
05694.jpg,8
01227.jpg,36
00346.jpg,62
07081.jpg,33
00949.jpg,115
07454.jpg,192
05380.jpg,52
06374.jpg,180
03512.jpg,3
01144.jpg,189
04080.jpg,72
07240.jpg,114
00813.jpg,138
01037.jpg,126
07067.jpg,193
03957.jpg,30
03415.jpg,83
04388.jpg,179
06610.jpg,17
05349.jpg,6
07255.jpg,158
00723.jpg,18
01487.jpg,78
06154.jpg,118
03357.jpg,178
04621.jpg,137
02022.jpg,62
02930.jpg,147
07716.jpg,110
00456.jpg,41
04540.jpg,143
06870.jpg,195
03772.jpg,2
06844.jpg,177
04736.jpg,31
07304.jpg,179
04244.jpg,1
00252.jpg,104
03745.jpg,95
01728.jpg,155
00315.jpg,169
00968.jpg,60
06902.jpg,54
01827.jpg,62
00830.jpg,51
01019.jpg,167
02004.jpg,4
00575.jpg,120
01334.jpg,178
01725.jpg,177
07062.jpg,117
03214.jpg,29
02080.jpg,132
01293.jpg,45
04122.jpg,115
02692.jpg,97
03490.jpg,182
05003.jpg,89
02690.jpg,119
04027.jpg,78
07313.jpg,18
06698.jpg,164
01863.jpg,126
03585.jpg,187
00884.jpg,90
02246.jpg,163
03607.jpg,3
01075.jpg,110
04803.jpg,32
06699.jpg,140
06676.jpg,31
01922.jpg,181
05088.jpg,177
03761.jpg,5
00001.jpg,13
05467.jpg,167
02672.jpg,70
01710.jpg,54
01192.jpg,29
06768.jpg,39
02919.jpg,5
04269.jpg,24
01177.jpg,164
04691.jpg,5
01444.jpg,51
06281.jpg,172
06319.jpg,94
01254.jpg,154
03603.jpg,39
06106.jpg,107
00132.jpg,88
04886.jpg,43
02770.jpg,16
04321.jpg,62
00629.jpg,130
00140.jpg,190
07031.jpg,27
04524.jpg,141
00580.jpg,190
01050.jpg,131
02625.jpg,14
04161.jpg,88
05695.jpg,39
03210.jpg,86
03857.jpg,183
00077.jpg,109
06074.jpg,111
00333.jpg,102
00408.jpg,18
05771.jpg,117
05891.jpg,124
05765.jpg,96
05015.jpg,78
03219.jpg,111
03398.jpg,102
06273.jpg,72
02689.jpg,82
02982.jpg,171
07937.jpg,108
04992.jpg,117
06761.jpg,108
01914.jpg,115
06034.jpg,111
07370.jpg,92
01670.jpg,189
02263.jpg,176
05790.jpg,158
05625.jpg,193
03067.jpg,164
03055.jpg,13
01813.jpg,154
03735.jpg,107
01803.jpg,12
02603.jpg,66
01463.jpg,164
06421.jpg,160
07916.jpg,3
01638.jpg,81
02772.jpg,27
01661.jpg,0
02368.jpg,65
01338.jpg,161
02752.jpg,150
07570.jpg,54
01631.jpg,129
04718.jpg,72
03087.jpg,23
07608.jpg,173
05657.jpg,0
00993.jpg,114
04288.jpg,181
02579.jpg,83
06888.jpg,85
05604.jpg,29
01409.jpg,42
00281.jpg,150
00051.jpg,90
03112.jpg,167
07492.jpg,181
06551.jpg,82
03823.jpg,186
01410.jpg,108
07514.jpg,62
02258.jpg,25
03332.jpg,126
07301.jpg,182
06675.jpg,9
02931.jpg,177
06745.jpg,136
04240.jpg,190
01186.jpg,7
06630.jpg,50
02029.jpg,30
06296.jpg,4
00766.jpg,173
07068.jpg,56
06033.jpg,72
03926.jpg,142
07227.jpg,144
01819.jpg,7
04061.jpg,18
02077.jpg,76
00785.jpg,21
01354.jpg,155
01689.jpg,79
05612.jpg,108
03157.jpg,19
05218.jpg,59
00002.jpg,2
01204.jpg,139
03161.jpg,177
05599.jpg,153
07909.jpg,99
04699.jpg,112
05794.jpg,27
06811.jpg,105
05775.jpg,122
04521.jpg,111
00649.jpg,139
05507.jpg,115
00953.jpg,171
07611.jpg,130
04589.jpg,60
03212.jpg,180
02325.jpg,14
04116.jpg,76
03506.jpg,40
03492.jpg,152
06906.jpg,9
00437.jpg,98
06384.jpg,100
05792.jpg,92
06798.jpg,98
01552.jpg,40
06992.jpg,135
03196.jpg,99
03502.jpg,10
05753.jpg,112
01888.jpg,77
00322.jpg,74
05307.jpg,3
04177.jpg,160
04944.jpg,18
06136.jpg,50
00861.jpg,101
07833.jpg,6
03293.jpg,99
01131.jpg,112
07033.jpg,138
03344.jpg,19
02696.jpg,20
07682.jpg,119
04536.jpg,116
02085.jpg,115
00057.jpg,43
01457.jpg,14
01097.jpg,17
01342.jpg,58
06617.jpg,143
02105.jpg,179
06542.jpg,163
00238.jpg,25
01326.jpg,66
04099.jpg,156
05892.jpg,30
03855.jpg,23
07668.jpg,179
04838.jpg,106
05274.jpg,60
06875.jpg,124
00392.jpg,3
06297.jpg,87
06449.jpg,150
05484.jpg,188
03331.jpg,80
07841.jpg,28
02964.jpg,159
01921.jpg,69
04029.jpg,29
05251.jpg,189
04722.jpg,114
07259.jpg,187
04748.jpg,124
02767.jpg,100
01300.jpg,57
00639.jpg,36
02787.jpg,28
04952.jpg,151
03269.jpg,23
03021.jpg,138
02738.jpg,5
06782.jpg,7
05451.jpg,69
03668.jpg,192
06920.jpg,155
04719.jpg,31
00515.jpg,161
03549.jpg,101
01971.jpg,76
06025.jpg,77
08076.jpg,104
02340.jpg,82
04000.jpg,107
04615.jpg,93
01047.jpg,81
07205.jpg,71
02002.jpg,51
05268.jpg,22
02924.jpg,172
04630.jpg,33
00499.jpg,158
04256.jpg,99
01353.jpg,30
01966.jpg,31
01869.jpg,121
00975.jpg,15
02616.jpg,150
03929.jpg,100
08131.jpg,118
02876.jpg,72
04260.jpg,77
05103.jpg,93
04257.jpg,131
06252.jpg,31
06254.jpg,46
05352.jpg,131
05273.jpg,32
03582.jpg,167
00690.jpg,11
03893.jpg,133
06036.jpg,113
00004.jpg,133
01357.jpg,43
00256.jpg,20
04377.jpg,76
05641.jpg,151
06321.jpg,67
03877.jpg,5
04651.jpg,4
06815.jpg,53
01824.jpg,185
03016.jpg,156
03382.jpg,191
00472.jpg,139
05491.jpg,105
04494.jpg,8
06508.jpg,57
02662.jpg,81
05240.jpg,86
01830.jpg,131
03658.jpg,102
02302.jpg,125
03173.jpg,157
06175.jpg,180
06496.jpg,186
08100.jpg,80
00265.jpg,54
05016.jpg,45
07767.jpg,32
03179.jpg,148
04104.jpg,69
02568.jpg,103
03467.jpg,3
00608.jpg,149
02046.jpg,31
07544.jpg,170
01424.jpg,122
03718.jpg,47
01976.jpg,160
02131.jpg,188
02825.jpg,92
00402.jpg,16
00096.jpg,103
01592.jpg,145
00076.jpg,58
04479.jpg,188
07009.jpg,154
07647.jpg,149
04593.jpg,136
02313.jpg,155
04166.jpg,10
00023.jpg,119
00222.jpg,195
04802.jpg,19
02941.jpg,65
03071.jpg,37
04291.jpg,110
05305.jpg,74
04762.jpg,181
06144.jpg,171
00389.jpg,47
07398.jpg,119
05591.jpg,102
04879.jpg,66
06854.jpg,157
00513.jpg,39
00287.jpg,90
00255.jpg,5
02242.jpg,63
00911.jpg,137
02791.jpg,20
07076.jpg,16
01865.jpg,190
08135.jpg,84
05462.jpg,159
03605.jpg,151
08134.jpg,123
00873.jpg,162
06795.jpg,155
06587.jpg,52
07510.jpg,167
05442.jpg,44
08045.jpg,138
01488.jpg,181
05329.jpg,38
05297.jpg,144
01985.jpg,183
06464.jpg,112
01846.jpg,149
07645.jpg,83
05864.jpg,125
02253.jpg,20
02005.jpg,140
00109.jpg,120
03763.jpg,67
01952.jpg,0
00904.jpg,170
04452.jpg,65
03289.jpg,13
05862.jpg,115
03299.jpg,40
00400.jpg,180
03090.jpg,185
03714.jpg,104
02963.jpg,88
07293.jpg,146
07366.jpg,34
07991.jpg,153
02487.jpg,143
05172.jpg,176
03342.jpg,50
02856.jpg,80
01467.jpg,177
04822.jpg,24
07209.jpg,96
06919.jpg,29
07077.jpg,62
02851.jpg,50
01503.jpg,140
02569.jpg,92
05441.jpg,174
04442.jpg,82
02201.jpg,159
03580.jpg,144
07559.jpg,96
03798.jpg,123
05125.jpg,3
04663.jpg,169
04870.jpg,46
00087.jpg,48
07824.jpg,72
00378.jpg,155
02408.jpg,153
06557.jpg,26
01726.jpg,161
06495.jpg,108
03378.jpg,108
03939.jpg,154
05576.jpg,17
00924.jpg,66
07199.jpg,151
05601.jpg,122
08106.jpg,150
03462.jpg,172
03176.jpg,105
05024.jpg,185
04884.jpg,7
00337.jpg,37
07442.jpg,85
02958.jpg,19
06457.jpg,44
04935.jpg,156
02646.jpg,96
01232.jpg,13
07846.jpg,195
00828.jpg,162
00126.jpg,65
01279.jpg,130
07334.jpg,78
05539.jpg,43
03991.jpg,180
00296.jpg,119
07721.jpg,29
00660.jpg,10
05151.jpg,119
02411.jpg,51
01947.jpg,85
00237.jpg,64
04708.jpg,103
00891.jpg,184
07719.jpg,145
06473.jpg,157
00749.jpg,43
06301.jpg,155
05423.jpg,100
01091.jpg,21
05991.jpg,67
04021.jpg,92
04474.jpg,138
07550.jpg,180
02701.jpg,143
06538.jpg,5
02804.jpg,60
03744.jpg,107
01053.jpg,170
05346.jpg,38
03106.jpg,76
05458.jpg,98
07866.jpg,190
08125.jpg,54
05216.jpg,62
06568.jpg,16
00916.jpg,147
00146.jpg,41
06208.jpg,14
06513.jpg,64
02653.jpg,163
01426.jpg,103
03114.jpg,192
05262.jpg,59
02996.jpg,148
02042.jpg,26
00506.jpg,166
02113.jpg,58
07203.jpg,152
07283.jpg,81
04932.jpg,139
03365.jpg,122
00509.jpg,20
02637.jpg,77
07057.jpg,93
05869.jpg,17
01633.jpg,156
00781.jpg,87
06241.jpg,134
02828.jpg,99
01779.jpg,111
07186.jpg,65
04680.jpg,142
00507.jpg,129
04807.jpg,139
04606.jpg,65
00147.jpg,75
05683.jpg,44
01681.jpg,32
08015.jpg,39
04897.jpg,183
03224.jpg,192
02205.jpg,67
03838.jpg,13
04276.jpg,178
00628.jpg,90
02153.jpg,165
03304.jpg,62
00704.jpg,136
05816.jpg,44
05516.jpg,78
07218.jpg,148
06887.jpg,100
02307.jpg,149
03495.jpg,128
02862.jpg,63
02110.jpg,95
03459.jpg,81
05237.jpg,194
05564.jpg,52
06836.jpg,102
01218.jpg,160
05713.jpg,17
03781.jpg,195
06492.jpg,175
05987.jpg,115
06915.jpg,41
07806.jpg,177
04013.jpg,182
06289.jpg,99
06867.jpg,184
02820.jpg,102
06757.jpg,55
06586.jpg,13
03921.jpg,148
05896.jpg,97
03907.jpg,100
06751.jpg,2
01656.jpg,31
00377.jpg,132
00682.jpg,89
05861.jpg,37
05701.jpg,50
06096.jpg,163
05170.jpg,103
00870.jpg,27
01462.jpg,145
00560.jpg,106
00083.jpg,17
03868.jpg,152
04588.jpg,2
07737.jpg,83
05041.jpg,87
06602.jpg,182
02534.jpg,39
05542.jpg,43
00839.jpg,145
02700.jpg,120
01498.jpg,177
05203.jpg,44
01065.jpg,33
00877.jpg,77
00457.jpg,117
02561.jpg,23
02236.jpg,178
07408.jpg,14
07711.jpg,144
05783.jpg,109
07344.jpg,94
00343.jpg,146
01855.jpg,114
06995.jpg,102
03858.jpg,83
07593.jpg,142
02003.jpg,100
05150.jpg,20
03905.jpg,10
03801.jpg,154
02927.jpg,71
03423.jpg,169
05552.jpg,102
05837.jpg,58
02768.jpg,51
07659.jpg,191
07082.jpg,44
05152.jpg,58
04510.jpg,8
01423.jpg,26
05551.jpg,145
00727.jpg,150
00387.jpg,62
02702.jpg,36
02441.jpg,19
00705.jpg,94
07823.jpg,189
04920.jpg,164
02463.jpg,136
06776.jpg,167
06846.jpg,137
01668.jpg,118
06446.jpg,121
03444.jpg,94
03337.jpg,185
01115.jpg,28
05098.jpg,145
02273.jpg,22
01391.jpg,72
01496.jpg,14
00738.jpg,54
02187.jpg,142
00764.jpg,164
05321.jpg,162
06831.jpg,165
02647.jpg,140
03692.jpg,188
02202.jpg,151
05747.jpg,155
05482.jpg,20
01268.jpg,53
03043.jpg,156
05440.jpg,178
01719.jpg,30
02613.jpg,152
02697.jpg,75
07407.jpg,32
06639.jpg,146
05006.jpg,36
04810.jpg,28
01577.jpg,79
01549.jpg,111
01538.jpg,78
06148.jpg,106
03215.jpg,14
07929.jpg,183
04136.jpg,163
06290.jpg,106
01590.jpg,186
02237.jpg,160
05979.jpg,3
01884.jpg,68
00710.jpg,45
07281.jpg,149
06021.jpg,143
02262.jpg,192
00583.jpg,192
07010.jpg,119
00557.jpg,183
02835.jpg,25
04565.jpg,65
06237.jpg,104
00013.jpg,134
02545.jpg,83
06243.jpg,64
03091.jpg,35
00329.jpg,113
04915.jpg,33
03260.jpg,132
00422.jpg,161
05742.jpg,177
04940.jpg,22
02414.jpg,134
04367.jpg,104
07376.jpg,179
00460.jpg,181
04394.jpg,57
06403.jpg,132
03059.jpg,194
00416.jpg,111
02248.jpg,78
03917.jpg,132
07308.jpg,31
04827.jpg,0
07345.jpg,189
01359.jpg,79
00771.jpg,167
02874.jpg,29
01570.jpg,135
07244.jpg,93
06564.jpg,89
06401.jpg,101
04881.jpg,117
06167.jpg,59
02017.jpg,91
05422.jpg,183
00307.jpg,57
04949.jpg,16
00259.jpg,186
06523.jpg,174
04968.jpg,158
06543.jpg,161
06671.jpg,157
05635.jpg,170
02162.jpg,101
01479.jpg,183
07867.jpg,44
00275.jpg,129
06102.jpg,136
01825.jpg,34
03979.jpg,163
08136.jpg,186
05569.jpg,59
03911.jpg,102
01929.jpg,42
04186.jpg,7
04224.jpg,5
04841.jpg,23
02099.jpg,64
07660.jpg,89
03900.jpg,176
02889.jpg,45
04071.jpg,166
01741.jpg,138
01545.jpg,92
00225.jpg,120
02860.jpg,191
02660.jpg,171
01683.jpg,85
01998.jpg,107
02819.jpg,145
02359.jpg,6
04344.jpg,187
02032.jpg,15
04749.jpg,119
07095.jpg,106
05118.jpg,79
00114.jpg,70
06347.jpg,133
07948.jpg,43
01874.jpg,69
04307.jpg,68
04604.jpg,129
00015.jpg,192
01149.jpg,164
04883.jpg,18
01470.jpg,166
04229.jpg,167
02895.jpg,129
05137.jpg,132
05902.jpg,24
05908.jpg,23
06027.jpg,31
01711.jpg,153
07110.jpg,59
01178.jpg,42
00308.jpg,5
07130.jpg,15
03993.jpg,163
02681.jpg,35
06275.jpg,143
04591.jpg,66
06741.jpg,19
05388.jpg,169
04299.jpg,168
05409.jpg,157
02386.jpg,40
05105.jpg,29
00568.jpg,137
00435.jpg,63
06279.jpg,125
06112.jpg,125
06592.jpg,69
01080.jpg,191
04858.jpg,76
03015.jpg,15
02083.jpg,151
06304.jpg,149
03360.jpg,25
01521.jpg,150
05148.jpg,12
01294.jpg,106
07232.jpg,45
00095.jpg,121
06427.jpg,181
01544.jpg,70
00115.jpg,82
06752.jpg,26
02045.jpg,176
00600.jpg,19
07443.jpg,128
06478.jpg,98
02276.jpg,56
04171.jpg,31
08144.jpg,16
07926.jpg,171
02940.jpg,144
05353.jpg,12
01898.jpg,48
06266.jpg,126
07174.jpg,5
01782.jpg,16
00843.jpg,158
06748.jpg,85
03038.jpg,25
07052.jpg,58
06161.jpg,148
03018.jpg,116
02658.jpg,63
01078.jpg,166
04480.jpg,23
02482.jpg,124
03796.jpg,124
00129.jpg,135
02566.jpg,22
00165.jpg,35
04464.jpg,101
00331.jpg,180
05280.jpg,14
03099.jpg,115
05617.jpg,109
00025.jpg,193
01902.jpg,121
03102.jpg,3
00819.jpg,134
00792.jpg,34
07329.jpg,133
05828.jpg,128
07149.jpg,177
00806.jpg,91
06194.jpg,132
03483.jpg,57
04208.jpg,64
01490.jpg,184
04334.jpg,44
06195.jpg,145
04070.jpg,192
00546.jpg,33
05744.jpg,144
02147.jpg,177
03636.jpg,190
04894.jpg,107
00391.jpg,165
02010.jpg,36
04047.jpg,122
03562.jpg,100
00164.jpg,36
03525.jpg,26
06085.jpg,156
04254.jpg,158
02116.jpg,29
07336.jpg,134
06387.jpg,27
02587.jpg,175
06087.jpg,63
06719.jpg,46
06394.jpg,140
02223.jpg,84
04912.jpg,186
08071.jpg,192
02023.jpg,81
04036.jpg,116
04476.jpg,56
03046.jpg,102
00718.jpg,144
06479.jpg,177
04885.jpg,24
03753.jpg,151
07007.jpg,129
02529.jpg,183
02544.jpg,56
01912.jpg,118
07285.jpg,40
04672.jpg,147
06848.jpg,73
06300.jpg,172
02845.jpg,43
03655.jpg,42
03317.jpg,1
05200.jpg,137
06781.jpg,43
03828.jpg,8
05161.jpg,130
05831.jpg,86
07448.jpg,171
06874.jpg,154
01594.jpg,182
03733.jpg,56
01456.jpg,119
01783.jpg,14
02498.jpg,107
02806.jpg,152
07103.jpg,14
00012.jpg,185
01413.jpg,7
07615.jpg,93
07723.jpg,129
07781.jpg,87
01850.jpg,139
06378.jpg,52
03461.jpg,122
07534.jpg,74
06082.jpg,164
06083.jpg,97
07321.jpg,68
03925.jpg,52
06918.jpg,138
00920.jpg,3
00610.jpg,144
01201.jpg,49
03048.jpg,59
07825.jpg,161
03583.jpg,139
06596.jpg,82
07116.jpg,56
03702.jpg,137
04755.jpg,164
02905.jpg,62
03231.jpg,71
07262.jpg,27
06141.jpg,146
01231.jpg,158
00297.jpg,86
04792.jpg,30
06974.jpg,2
06861.jpg,161
00273.jpg,68
04424.jpg,133
06724.jpg,128
03325.jpg,164
00845.jpg,187
01942.jpg,126
07884.jpg,165
07661.jpg,3
02502.jpg,66
08116.jpg,162
03062.jpg,68
07648.jpg,188
04409.jpg,78
05675.jpg,150
04325.jpg,185
04402.jpg,99
07657.jpg,33
04048.jpg,98
02871.jpg,74
05343.jpg,126
05004.jpg,85
02039.jpg,193
07044.jpg,89
04674.jpg,156
01838.jpg,26
03442.jpg,61
01447.jpg,52
07734.jpg,78
00111.jpg,179
00309.jpg,126
03871.jpg,2
00414.jpg,85
07710.jpg,154
04685.jpg,71
05951.jpg,182
06010.jpg,76
02823.jpg,39
08018.jpg,5
03178.jpg,30
05930.jpg,1
03766.jpg,10
01938.jpg,69
04638.jpg,74
07219.jpg,100
02891.jpg,56
02308.jpg,66
03065.jpg,185
00376.jpg,134
06520.jpg,43
03233.jpg,12
00473.jpg,64
06967.jpg,112
02846.jpg,112
00369.jpg,127
04541.jpg,95
03973.jpg,162
00933.jpg,180
00550.jpg,97
07185.jpg,150
06432.jpg,18
03889.jpg,137
03691.jpg,90
07610.jpg,10
03300.jpg,190
07034.jpg,33
03340.jpg,95
05368.jpg,64
03731.jpg,142
01635.jpg,120
07000.jpg,176
01051.jpg,41
03683.jpg,90
07489.jpg,171
06367.jpg,184
03736.jpg,32
00676.jpg,60
02058.jpg,8
04073.jpg,48
06756.jpg,21
01806.jpg,53
03507.jpg,46
05717.jpg,16
02232.jpg,34
06914.jpg,19
01476.jpg,176
00434.jpg,170
01095.jpg,55
03322.jpg,126
02538.jpg,77
03540.jpg,172
05830.jpg,35
03515.jpg,143
05415.jpg,111
05797.jpg,159
07918.jpg,115
01169.jpg,72
07656.jpg,91
05968.jpg,16
02261.jpg,184
03135.jpg,61
06456.jpg,68
07412.jpg,98
03950.jpg,149
06191.jpg,47
05403.jpg,92
06158.jpg,6
06372.jpg,55
02425.jpg,153
03277.jpg,139
01056.jpg,134
04946.jpg,26
06824.jpg,109
05393.jpg,176
01506.jpg,9
04258.jpg,75
01154.jpg,145
06056.jpg,138
05665.jpg,81
02365.jpg,73
00492.jpg,60
02705.jpg,189
00536.jpg,53
05836.jpg,166
03252.jpg,84
00671.jpg,136
02977.jpg,109
00223.jpg,98
05499.jpg,54
07829.jpg,101
07961.jpg,127
04031.jpg,134
05235.jpg,72
01722.jpg,104
05465.jpg,112
00522.jpg,0
05948.jpg,47
06612.jpg,71
07707.jpg,183
06731.jpg,82
02664.jpg,100
04045.jpg,83
05759.jpg,62
02659.jpg,109
03101.jpg,9
02978.jpg,128
05463.jpg,31
03273.jpg,39
06324.jpg,107
01307.jpg,80
01336.jpg,188
05093.jpg,138
00802.jpg,162
00196.jpg,189
06282.jpg,151
00619.jpg,122
03941.jpg,106
05515.jpg,130
05512.jpg,105
06822.jpg,147
08020.jpg,86
03647.jpg,52
07502.jpg,78
07023.jpg,115
02807.jpg,183
06465.jpg,195
04812.jpg,43
01892.jpg,36
05510.jpg,140
06375.jpg,8
01132.jpg,142
07327.jpg,116
03158.jpg,70
00930.jpg,32
08002.jpg,160
04497.jpg,11
06646.jpg,15
04167.jpg,80
01815.jpg,53
07384.jpg,17
03402.jpg,28
05066.jpg,41
08052.jpg,153
04169.jpg,127
01401.jpg,41
05557.jpg,54
07197.jpg,107
01376.jpg,120
03291.jpg,55
01055.jpg,110
03833.jpg,91
05021.jpg,159
05655.jpg,107
06692.jpg,70
05324.jpg,3
01620.jpg,15
06329.jpg,162
03597.jpg,60
02280.jpg,131
04965.jpg,177
04193.jpg,148
07455.jpg,195
04363.jpg,172
01197.jpg,35
00361.jpg,118
01394.jpg,155
00896.jpg,43
03537.jpg,1
08111.jpg,169
01445.jpg,142
07979.jpg,81
06188.jpg,191
06043.jpg,129
06400.jpg,142
07640.jpg,150
07560.jpg,150
04124.jpg,66
02452.jpg,43
03270.jpg,97
03710.jpg,134
02606.jpg,49
07250.jpg,132
04096.jpg,135
06348.jpg,167
02438.jpg,6
03315.jpg,81
07246.jpg,168
02243.jpg,168
01221.jpg,141
06206.jpg,7
07985.jpg,118
07542.jpg,150
01083.jpg,112
01773.jpg,107
03759.jpg,192
03698.jpg,18
04921.jpg,163
01271.jpg,157
07556.jpg,89
00520.jpg,66
03680.jpg,68
04928.jpg,112
02639.jpg,81
05206.jpg,171
07745.jpg,65
03318.jpg,118
08077.jpg,65
04605.jpg,128
04753.jpg,13
02722.jpg,102
05933.jpg,115
03281.jpg,188
03994.jpg,65
01712.jpg,70
00605.jpg,159
02036.jpg,118
02454.jpg,117
06813.jpg,118
03188.jpg,192
04568.jpg,176
07868.jpg,68
07958.jpg,191
03005.jpg,160
06316.jpg,82
03408.jpg,55
04079.jpg,82
03942.jpg,37
07234.jpg,168
04784.jpg,94
02847.jpg,187
04065.jpg,188
02685.jpg,173
00357.jpg,38
03643.jpg,109
05681.jpg,76
07146.jpg,28
02917.jpg,97
04248.jpg,123
01189.jpg,152
01792.jpg,38
03243.jpg,3
05559.jpg,78
07001.jpg,117
06219.jpg,127
05386.jpg,6
02194.jpg,8
04019.jpg,131
08075.jpg,62
02934.jpg,74
07357.jpg,137
06987.jpg,134
05769.jpg,41
05472.jpg,70
05929.jpg,125
00898.jpg,5
04532.jpg,141
06044.jpg,73
01716.jpg,2
08086.jpg,11
00805.jpg,189
04305.jpg,117
02854.jpg,67
05763.jpg,40
04950.jpg,86
01766.jpg,89
07708.jpg,124
02732.jpg,87
00332.jpg,100
07499.jpg,59
01156.jpg,109
00284.jpg,93
07352.jpg,141
05384.jpg,91
07367.jpg,150
07592.jpg,31
05725.jpg,142
01090.jpg,152
02416.jpg,27
02409.jpg,84
04481.jpg,124
05931.jpg,189
03888.jpg,147
06361.jpg,65
03465.jpg,71
05690.jpg,147
05997.jpg,49
00198.jpg,5
03455.jpg,40
00192.jpg,188
07361.jpg,73
01122.jpg,33
03473.jpg,121
02750.jpg,134
07772.jpg,114
00555.jpg,143
00415.jpg,54
07073.jpg,191
00799.jpg,171
04002.jpg,55
05839.jpg,25
02695.jpg,55
04947.jpg,109
05750.jpg,180
03880.jpg,192
02210.jpg,155
01601.jpg,120
07100.jpg,156
07545.jpg,55
01988.jpg,104
06820.jpg,165
06488.jpg,96
07586.jpg,13
03535.jpg,161
01387.jpg,130
07883.jpg,94
01139.jpg,186
05326.jpg,16
01583.jpg,120
04849.jpg,176
05241.jpg,181
06103.jpg,80
01220.jpg,120
08053.jpg,23
00367.jpg,176
05598.jpg,83
04157.jpg,89
02312.jpg,55
03405.jpg,165
08035.jpg,72
07041.jpg,116
05193.jpg,141
02974.jpg,19
04168.jpg,158
05518.jpg,21
07152.jpg,63
00465.jpg,186
03232.jpg,108
06552.jpg,126
06519.jpg,169
03283.jpg,14
02683.jpg,71
01791.jpg,169
05640.jpg,38
01210.jpg,13
06277.jpg,18
05544.jpg,75
07405.jpg,55
03679.jpg,81
02687.jpg,187
05131.jpg,154
04960.jpg,128
02121.jpg,67
03919.jpg,182
01064.jpg,36
05909.jpg,8
01858.jpg,180
07452.jpg,195
03768.jpg,161
07233.jpg,46
02160.jpg,168
07294.jpg,145
00815.jpg,136
06413.jpg,151
02786.jpg,149
03079.jpg,170
07577.jpg,28
01483.jpg,7
05457.jpg,110
06985.jpg,79
08092.jpg,86
04326.jpg,62
07720.jpg,153
06135.jpg,170
02925.jpg,149
03050.jpg,175
07753.jpg,144
07127.jpg,158
02140.jpg,60
00459.jpg,83
03522.jpg,96
00903.jpg,98
03412.jpg,19
07387.jpg,74
02840.jpg,73
02704.jpg,111
01759.jpg,180
03948.jpg,123
07751.jpg,28
04516.jpg,158
07791.jpg,170
07565.jpg,84
05832.jpg,67
07861.jpg,61
04695.jpg,80
03498.jpg,17
02068.jpg,15
04032.jpg,72
02739.jpg,4
04742.jpg,34
05055.jpg,164
04999.jpg,110
06742.jpg,75
05488.jpg,77
02929.jpg,82
03075.jpg,151
01764.jpg,148
00455.jpg,193
05282.jpg,181
04296.jpg,100
07740.jpg,10
07607.jpg,173
00539.jpg,138
01714.jpg,25
01134.jpg,4
06259.jpg,167
01923.jpg,111
01657.jpg,148
05776.jpg,144
01297.jpg,11
02725.jpg,127
07459.jpg,133
06976.jpg,81
03743.jpg,143
00746.jpg,40
06458.jpg,28
06728.jpg,47
03578.jpg,48
07938.jpg,23
05924.jpg,15
07477.jpg,188
02457.jpg,4
07783.jpg,103
04343.jpg,111
02908.jpg,127
01101.jpg,103
01247.jpg,161
05994.jpg,144
07842.jpg,76
02398.jpg,85
07351.jpg,6
00028.jpg,85
08103.jpg,188
02877.jpg,90
03861.jpg,106
01022.jpg,22
05351.jpg,44
02873.jpg,11
05311.jpg,143
00215.jpg,71
01750.jpg,2
04539.jpg,71
04857.jpg,10
02089.jpg,122
06859.jpg,11
00929.jpg,65
06677.jpg,19
01693.jpg,130
04125.jpg,158
03564.jpg,178
02423.jpg,186
07360.jpg,191
07013.jpg,166
02727.jpg,178
05639.jpg,64
03471.jpg,172
07995.jpg,107
02747.jpg,146
06894.jpg,26
05577.jpg,147
06932.jpg,126
07090.jpg,14
00602.jpg,19
00661.jpg,60
01615.jpg,51
01188.jpg,93
03904.jpg,71
05115.jpg,112
02063.jpg,34
05973.jpg,150
01953.jpg,55
03806.jpg,146
00773.jpg,0
01932.jpg,51
03802.jpg,127
05356.jpg,138
04188.jpg,120
05194.jpg,94
03793.jpg,133
00511.jpg,98
01851.jpg,30
06657.jpg,80
00188.jpg,92
06855.jpg,144
00504.jpg,128
06712.jpg,35
05624.jpg,10
03884.jpg,182
06072.jpg,41
04270.jpg,77
00370.jpg,9
00239.jpg,15
07692.jpg,41
05000.jpg,71
07423.jpg,13
02733.jpg,126
00976.jpg,189
05054.jpg,51
04232.jpg,101
06980.jpg,166
00503.jpg,8
08022.jpg,151
07114.jpg,143
05847.jpg,93
07212.jpg,74
05023.jpg,9
07871.jpg,74
07314.jpg,164
06352.jpg,160
07843.jpg,116
06805.jpg,142
05960.jpg,89
03990.jpg,26
06097.jpg,83
03077.jpg,192
00006.jpg,122
05313.jpg,111
04440.jpg,60
06572.jpg,176
01790.jpg,112
06068.jpg,194
05535.jpg,32
02903.jpg,74
05260.jpg,175
03891.jpg,59
06377.jpg,48
00946.jpg,0
00927.jpg,173
00702.jpg,137
07633.jpg,193
00527.jpg,190
03197.jpg,147
00713.jpg,85
03811.jpg,62
01153.jpg,96
00914.jpg,148
01887.jpg,111
06251.jpg,151
05296.jpg,135
02227.jpg,164
04450.jpg,164
06268.jpg,73
01969.jpg,83
01168.jpg,45
01582.jpg,34
03992.jpg,81
04933.jpg,180
07429.jpg,80
04246.jpg,65
03862.jpg,73
06546.jpg,21
02965.jpg,132
06242.jpg,122
04091.jpg,47
07141.jpg,159
04702.jpg,18
00444.jpg,78
04716.jpg,123
00542.jpg,85
03292.jpg,131
02742.jpg,189
04490.jpg,172
03073.jpg,91
04149.jpg,32
01974.jpg,189
01807.jpg,33
04026.jpg,90
05497.jpg,92
06192.jpg,132
00645.jpg,68
00180.jpg,141
03314.jpg,15
07085.jpg,67
06244.jpg,5
00018.jpg,72
01125.jpg,53
05560.jpg,156
07383.jpg,17
00790.jpg,130
04445.jpg,194
03933.jpg,59
00505.jpg,128
01963.jpg,71
07027.jpg,37
02081.jpg,31
06638.jpg,182
07687.jpg,128
00267.jpg,45
00209.jpg,62
05851.jpg,94
01925.jpg,77
05682.jpg,86
04525.jpg,81
02014.jpg,53
04887.jpg,39
04815.jpg,133
06503.jpg,79
06049.jpg,49
07509.jpg,47
08112.jpg,96
06263.jpg,124
05530.jpg,151
06701.jpg,46
06778.jpg,21
04425.jpg,94
05266.jpg,13
07685.jpg,119
01666.jpg,151
04357.jpg,24
04681.jpg,47
07713.jpg,66
03130.jpg,71
07688.jpg,163
02720.jpg,148
00699.jpg,128
04642.jpg,49
00224.jpg,87
07079.jpg,107
04285.jpg,71
04594.jpg,33
03944.jpg,76
05469.jpg,162
03411.jpg,66
06417.jpg,143
05721.jpg,84
04030.jpg,27
06354.jpg,57
01400.jpg,135
06004.jpg,195
00612.jpg,78
02736.jpg,161
05844.jpg,62
02693.jpg,160
01739.jpg,194
05956.jpg,187
04312.jpg,15
05955.jpg,135
04513.jpg,109
04733.jpg,19
05113.jpg,105
03184.jpg,10
07885.jpg,20
02985.jpg,108
07017.jpg,50
05275.jpg,34
05613.jpg,174
04930.jpg,136
05032.jpg,70
02185.jpg,19
07832.jpg,95
07215.jpg,134
01853.jpg,193
04907.jpg,133
00464.jpg,132
03203.jpg,14
00183.jpg,160
06889.jpg,181
04893.jpg,15
01913.jpg,187
04189.jpg,63
00290.jpg,139
05114.jpg,20
05799.jpg,93
02369.jpg,75
05570.jpg,30
04111.jpg,63
04192.jpg,101
04550.jpg,50
07094.jpg,155
01504.jpg,129
03835.jpg,34
03167.jpg,11
07236.jpg,46
04764.jpg,128
01713.jpg,170
06151.jpg,19
00531.jpg,140
03666.jpg,62
05097.jpg,159
06238.jpg,143
01199.jpg,61
02490.jpg,108
07964.jpg,41
02049.jpg,123
06471.jpg,194
04866.jpg,158
04714.jpg,36
02412.jpg,19
05042.jpg,5
00517.jpg,42
01438.jpg,32
07425.jpg,56
07113.jpg,167
05870.jpg,42
08026.jpg,23
06463.jpg,112
05231.jpg,68
01364.jpg,57
05974.jpg,185
07248.jpg,93
07533.jpg,52
03371.jpg,75
01597.jpg,119
00706.jpg,144
01585.jpg,152
01412.jpg,132
00594.jpg,173
05256.jpg,194
05370.jpg,53
08123.jpg,177
05664.jpg,118
03852.jpg,34
01265.jpg,184
04790.jpg,118
00339.jpg,55
06201.jpg,117
03705.jpg,134
06739.jpg,53
07658.jpg,152
01530.jpg,181
06955.jpg,141
05787.jpg,17
01260.jpg,94
03298.jpg,34
05283.jpg,166
04457.jpg,168
01566.jpg,186
04961.jpg,153
01395.jpg,29
01780.jpg,167
04955.jpg,175
01528.jpg,130
04583.jpg,184
04658.jpg,46
02875.jpg,143
02949.jpg,183
05970.jpg,114
03513.jpg,15
06923.jpg,54
04387.jpg,121
04567.jpg,17
01249.jpg,45
06511.jpg,81
06999.jpg,79
02328.jpg,100
05972.jpg,22
01556.jpg,80
07437.jpg,65
03311.jpg,7
05061.jpg,97
02900.jpg,15
02415.jpg,78
07917.jpg,187
00510.jpg,113
01082.jpg,91
05092.jpg,112
06690.jpg,78
02265.jpg,74
06624.jpg,1
05009.jpg,44
04976.jpg,192
00245.jpg,60
03864.jpg,184
01924.jpg,158
06738.jpg,79
02518.jpg,85
01046.jpg,192
00477.jpg,123
04311.jpg,116
06183.jpg,4
00186.jpg,124
07467.jpg,151
02376.jpg,169
03918.jpg,60
07096.jpg,162
07194.jpg,53
00664.jpg,28
05636.jpg,137
00719.jpg,183
01182.jpg,160
05205.jpg,123
00044.jpg,37
06428.jpg,107
06664.jpg,17
04609.jpg,160
06667.jpg,59
04127.jpg,82
01236.jpg,179
03450.jpg,77
02990.jpg,60
08006.jpg,139
01994.jpg,37
01160.jpg,22
02850.jpg,32
01175.jpg,112
06205.jpg,52
01033.jpg,60
05018.jpg,180
02788.jpg,37
05866.jpg,79
06823.jpg,30
03903.jpg,64
00587.jpg,151
03697.jpg,119
05501.jpg,129
07106.jpg,158
02682.jpg,103
00440.jpg,106
07178.jpg,126
02446.jpg,152
05848.jpg,189
01138.jpg,38
05737.jpg,45
02832.jpg,2
04493.jpg,7
05630.jpg,62
04233.jpg,115
06459.jpg,67
06435.jpg,147
02326.jpg,9
04231.jpg,178
00432.jpg,162
01574.jpg,102
01755.jpg,12
04531.jpg,42
02976.jpg,69
03351.jpg,62
08088.jpg,189
00651.jpg,181
05966.jpg,141
03207.jpg,91
01099.jpg,44
00153.jpg,29
01606.jpg,79
00630.jpg,75
01820.jpg,163
04379.jpg,11
07280.jpg,186
03769.jpg,82
02406.jpg,175
05136.jpg,104
07551.jpg,191
07274.jpg,145
00125.jpg,28
01694.jpg,73
00906.jpg,187
01685.jpg,92
04889.jpg,93
03720.jpg,174
04761.jpg,58
06163.jpg,11
03125.jpg,169
07307.jpg,11
05961.jpg,82
03149.jpg,43
02897.jpg,4
06839.jpg,1
04106.jpg,144
06944.jpg,78
07886.jpg,136
03504.jpg,140
03756.jpg,12
02863.jpg,107
03723.jpg,11
05514.jpg,25
05678.jpg,168
07516.jpg,106
06323.jpg,96
05074.jpg,77
06122.jpg,34
01073.jpg,23
04731.jpg,119
02166.jpg,116
02338.jpg,27
07770.jpg,188
07996.jpg,170
05702.jpg,52
01944.jpg,12
05374.jpg,46
00974.jpg,114
04688.jpg,75
04255.jpg,98
03262.jpg,157
02528.jpg,38
02424.jpg,192
05884.jpg,103
07689.jpg,26
07221.jpg,103
01848.jpg,22
01630.jpg,105
00844.jpg,170
07864.jpg,131
02193.jpg,173
06963.jpg,108
05135.jpg,107
05081.jpg,50
02264.jpg,20
03700.jpg,149
07761.jpg,122
05809.jpg,64
01313.jpg,11
03288.jpg,34
02943.jpg,139
02760.jpg,103
04317.jpg,106
04010.jpg,138
06754.jpg,118
01751.jpg,52
00049.jpg,172
04410.jpg,29
07895.jpg,195
05052.jpg,2
07026.jpg,195
03867.jpg,111
03725.jpg,113
00270.jpg,121
00698.jpg,50
02612.jpg,97
00283.jpg,104
00101.jpg,192
05455.jpg,147
05373.jpg,7
04514.jpg,190
02466.jpg,121
06484.jpg,122
05879.jpg,96
02245.jpg,47
04623.jpg,155
03204.jpg,165
04437.jpg,56
07629.jpg,148
00295.jpg,49
00988.jpg,22
04236.jpg,106
01162.jpg,173
01954.jpg,18
04353.jpg,42
04966.jpg,30
02645.jpg,8
04926.jpg,143
04970.jpg,195
01778.jpg,21
05629.jpg,178
00417.jpg,49
07355.jpg,84
04654.jpg,146
00338.jpg,105
07830.jpg,109
06018.jpg,91
03165.jpg,3
08037.jpg,70
04274.jpg,131
07529.jpg,49
04890.jpg,94
00811.jpg,116
04585.jpg,112
04515.jpg,153
06285.jpg,189
04829.jpg,110
07628.jpg,181
03127.jpg,4
02020.jpg,100
01009.jpg,69
05877.jpg,32
04616.jpg,91
01658.jpg,174
00177.jpg,49
03404.jpg,40
03881.jpg,2
03213.jpg,162
01473.jpg,32
04646.jpg,149
02779.jpg,146
00468.jpg,110
07931.jpg,55
02937.jpg,177
04662.jpg,127
01306.jpg,156
03338.jpg,166
01501.jpg,175
05941.jpg,189
04991.jpg,122
01229.jpg,83
04758.jpg,16
02353.jpg,133
00351.jpg,41
00593.jpg,79
05854.jpg,182
04783.jpg,40
05234.jpg,182
06879.jpg,28
08010.jpg,16
01519.jpg,50
02204.jpg,172
00691.jpg,1
05845.jpg,165
04958.jpg,176
05056.jpg,96
02514.jpg,148
06159.jpg,0
02327.jpg,147
02380.jpg,111
07424.jpg,185
00548.jpg,12
01150.jpg,100
01854.jpg,34
02050.jpg,0
06759.jpg,195
01399.jpg,42
06131.jpg,109
07339.jpg,23
04173.jpg,172
03152.jpg,2
08038.jpg,79
05863.jpg,125
00053.jpg,14
05720.jpg,25
02896.jpg,13
06631.jpg,169
07466.jpg,103
08073.jpg,41
01190.jpg,62
00247.jpg,136
07655.jpg,106
01603.jpg,142
02675.jpg,78
01646.jpg,106
05069.jpg,37
00997.jpg,59
07504.jpg,144
06257.jpg,162
02611.jpg,83
04120.jpg,45
06893.jpg,114
06095.jpg,133
03996.jpg,195
02519.jpg,118
06979.jpg,100
07896.jpg,34
00046.jpg,24
02159.jpg,143
02206.jpg,131
03111.jpg,34
00695.jpg,110
03379.jpg,7
07569.jpg,51
04543.jpg,95
01195.jpg,23
07020.jpg,88
00263.jpg,39
06828.jpg,91
03380.jpg,107
00382.jpg,145
00449.jpg,179
05301.jpg,96
03543.jpg,19
00154.jpg,17
00261.jpg,15
06299.jpg,30
05533.jpg,175
00075.jpg,187
02878.jpg,118
03035.jpg,62
00760.jpg,169
02254.jpg,123
01745.jpg,70
04874.jpg,0
01235.jpg,155
07359.jpg,162
05407.jpg,155
06810.jpg,71
05578.jpg,65
02051.jpg,193
07084.jpg,50
00908.jpg,52
03476.jpg,177
01129.jpg,30
07222.jpg,108
03171.jpg,85
07438.jpg,171
05621.jpg,149
04331.jpg,97
01910.jpg,167
05180.jpg,178
02969.jpg,50
01135.jpg,122
03987.jpg,125
06793.jpg,20
07860.jpg,5
08139.jpg,187
03590.jpg,13
06975.jpg,153
08099.jpg,115
04213.jpg,118
05795.jpg,184
00471.jpg,17
01567.jpg,175
06871.jpg,17
01546.jpg,74
02906.jpg,48
03372.jpg,46
03945.jpg,193
06857.jpg,13
01352.jpg,39
04530.jpg,138
05647.jpg,24
06578.jpg,124
02748.jpg,118
02074.jpg,85
02161.jpg,148
07302.jpg,62
03060.jpg,59
07508.jpg,127
01480.jpg,140
05616.jpg,26
07372.jpg,177
05320.jpg,183
01346.jpg,12
06540.jpg,118
03349.jpg,24
02190.jpg,171
02239.jpg,132
00638.jpg,12
04211.jpg,95
06709.jpg,101
05248.jpg,132
01202.jpg,20
06812.jpg,132
03020.jpg,73
05292.jpg,193
06168.jpg,184
07099.jpg,106
04665.jpg,175
01551.jpg,162
05258.jpg,37
06233.jpg,40
07941.jpg,156
01105.jpg,6
01805.jpg,14
04684.jpg,130
06362.jpg,17
02798.jpg,48
02915.jpg,179
07325.jpg,59
03280.jpg,83
06682.jpg,117
07680.jpg,69
06395.jpg,38
00970.jpg,51
02102.jpg,173
03956.jpg,141
05872.jpg,183
07965.jpg,81
00620.jpg,57
00833.jpg,134
06921.jpg,8
06670.jpg,105
04954.jpg,54
02473.jpg,79
05935.jpg,125
01576.jpg,92
03377.jpg,70
01389.jpg,127
02033.jpg,33
01731.jpg,66
05524.jpg,80
00584.jpg,184
02268.jpg,70
04640.jpg,189
01475.jpg,138
03601.jpg,93
07497.jpg,79
01908.jpg,193
02947.jpg,65
05438.jpg,192
03690.jpg,1
04277.jpg,185
05778.jpg,158
03051.jpg,3
07295.jpg,22
00334.jpg,21
01643.jpg,19
07008.jpg,11
00886.jpg,46
03275.jpg,142
02001.jpg,147
00355.jpg,169
05174.jpg,69
05477.jpg,33
00427.jpg,116
02054.jpg,195
03995.jpg,194
00194.jpg,175
01106.jpg,166
03557.jpg,84
02209.jpg,52
05626.jpg,166
03205.jpg,82
01973.jpg,157
04504.jpg,121
07118.jpg,10
06730.jpg,186
05596.jpg,168
02284.jpg,187
02197.jpg,157
07729.jpg,142
05401.jpg,115
05490.jpg,101
00476.jpg,140
00113.jpg,132
01174.jpg,121
01102.jpg,85
03145.jpg,110
04850.jpg,132
01775.jpg,30
01366.jpg,114
01801.jpg,94
07684.jpg,0
02433.jpg,50
06092.jpg,167
03972.jpg,163
03640.jpg,62
02432.jpg,57
02950.jpg,144
06166.jpg,54
00325.jpg,127
01052.jpg,151
00155.jpg,148
05773.jpg,129
04760.jpg,33
02469.jpg,138
03706.jpg,123
01478.jpg,115
01449.jpg,188
05509.jpg,97
04983.jpg,150
03594.jpg,179
03869.jpg,93
01972.jpg,4
00858.jpg,1
02145.jpg,0
02826.jpg,166
07126.jpg,51
05033.jpg,51
04653.jpg,64
05314.jpg,32
04909.jpg,166
00588.jpg,75
04518.jpg,120
05196.jpg,110
02501.jpg,157
00375.jpg,175
05967.jpg,2
04294.jpg,35
00836.jpg,176
01226.jpg,188
00483.jpg,89
04831.jpg,83
00128.jpg,12
04972.jpg,37
04012.jpg,187
04747.jpg,38
04554.jpg,154
05011.jpg,33
01433.jpg,46
02154.jpg,28
06020.jpg,11
03686.jpg,183
05104.jpg,144
02317.jpg,63
02817.jpg,156
00653.jpg,15
07543.jpg,113
01245.jpg,18
01529.jpg,153
04844.jpg,102
00203.jpg,187
06969.jpg,20
00038.jpg,96
07420.jpg,131
07039.jpg,21
00068.jpg,121
08072.jpg,125
04448.jpg,12
02805.jpg,112
00635.jpg,8
00362.jpg,49
05253.jpg,94
05796.jpg,154
00311.jpg,14
07626.jpg,74
01617.jpg,5
02520.jpg,45
01675.jpg,34
05381.jpg,124
06067.jpg,14
04549.jpg,16
03599.jpg,170
04596.jpg,65
05437.jpg,60
08082.jpg,36
04659.jpg,168
05147.jpg,170
05290.jpg,34
01760.jpg,122
07971.jpg,98
02797.jpg,11
07760.jpg,139
07695.jpg,128
00398.jpg,39
03222.jpg,53
01717.jpg,152
03081.jpg,4
00300.jpg,168
05365.jpg,153
05431.jpg,95
01472.jpg,188
06100.jpg,147
04776.jpg,95
03501.jpg,127
02515.jpg,64
02655.jpg,31
03738.jpg,20
05443.jpg,32
04365.jpg,143
01599.jpg,71
05101.jpg,163
03800.jpg,67
02289.jpg,164
05813.jpg,90
02524.jpg,110
03066.jpg,35
06818.jpg,135
01455.jpg,143
02346.jpg,101
00358.jpg,28
01452.jpg,90
02019.jpg,51
08043.jpg,16
02972.jpg,104
03022.jpg,36
03804.jpg,13
04559.jpg,118
02392.jpg,195
06506.jpg,83
04290.jpg,116
06267.jpg,102
04690.jpg,40
04284.jpg,170
07671.jpg,169
05228.jpg,95
04403.jpg,159
01639.jpg,21
04361.jpg,195
05810.jpg,69
00450.jpg,14
07949.jpg,190
06934.jpg,29
02215.jpg,57
04074.jpg,87
03033.jpg,190
04083.jpg,112
05198.jpg,139
06152.jpg,108
06905.jpg,113
04498.jpg,177
05364.jpg,171
02322.jpg,174
00168.jpg,39
00243.jpg,167
05420.jpg,184
02044.jpg,22
02331.jpg,194
06658.jpg,187
07457.jpg,190
03912.jpg,138
00831.jpg,60
06157.jpg,75
07855.jpg,94
00743.jpg,86
05634.jpg,26
06716.jpg,20
07757.jpg,119
06288.jpg,134
06022.jpg,92
02885.jpg,11
07251.jpg,166
04392.jpg,4
03842.jpg,23
03031.jpg,162
06993.jpg,88
01975.jpg,56
03778.jpg,165
03295.jpg,90
04081.jpg,143
02439.jpg,63
03589.jpg,7
07561.jpg,78
04715.jpg,125
03235.jpg,149
07347.jpg,122
06983.jpg,172
08078.jpg,181
05815.jpg,95
06090.jpg,128
00658.jpg,163
06559.jpg,31
05340.jpg,58
05922.jpg,104
04354.jpg,145
04998.jpg,29
02427.jpg,45
02422.jpg,50
07343.jpg,173
05411.jpg,127
03056.jpg,87
05971.jpg,40
03083.jpg,53
06819.jpg,191
06162.jpg,102
08019.jpg,137
05392.jpg,18
05934.jpg,104
03612.jpg,68
02337.jpg,152
01677.jpg,43
04738.jpg,62
06001.jpg,175
01418.jpg,83
01381.jpg,45
07133.jpg,172
04836.jpg,161
07814.jpg,172
06454.jpg,137
02061.jpg,182
00868.jpg,87
04069.jpg,83
03323.jpg,150
02523.jpg,95
01396.jpg,153
04775.jpg,172
07042.jpg,174
05912.jpg,48
02088.jpg,117
00943.jpg,49
04207.jpg,105
03984.jpg,89
05668.jpg,103
07945.jpg,127
06747.jpg,71
07088.jpg,146
06964.jpg,107
03664.jpg,133
03328.jpg,87
05111.jpg,92
05944.jpg,50
04249.jpg,67
00073.jpg,105
01896.jpg,154
03740.jpg,25
06663.jpg,31
04359.jpg,18
07869.jpg,91
04969.jpg,158
01281.jpg,46
04959.jpg,189
03832.jpg,55
04223.jpg,123
00396.jpg,164
07785.jpg,94
01284.jpg,39
07835.jpg,156
01715.jpg,12
04610.jpg,69
00248.jpg,176
03716.jpg,30
06556.jpg,52
07800.jpg,5
01520.jpg,28
06264.jpg,104
00730.jpg,158
03586.jpg,144
03967.jpg,117
03286.jpg,165
04420.jpg,89
04898.jpg,73
05651.jpg,104
04816.jpg,2
05252.jpg,94
06333.jpg,84
07138.jpg,67
04796.jpg,106
01274.jpg,71
02057.jpg,101
05397.jpg,150
00529.jpg,60
05508.jpg,98
07887.jpg,133
08001.jpg,148
03126.jpg,141
01990.jpg,32
00574.jpg,81
05662.jpg,95
06129.jpg,65
04101.jpg,149
02437.jpg,186
00897.jpg,43
03251.jpg,65
03712.jpg,83
04406.jpg,150
00726.jpg,164
01183.jpg,152
00212.jpg,71
03894.jpg,109
04044.jpg,144
02374.jpg,135
07739.jpg,45
03784.jpg,78
05188.jpg,110
01465.jpg,114
07213.jpg,17
00669.jpg,69
05439.jpg,67
05965.jpg,19
06409.jpg,184
04147.jpg,121
07584.jpg,64
00342.jpg,168
06041.jpg,126
06898.jpg,65
06830.jpg,19
00832.jpg,112
00770.jpg,23
00577.jpg,70
01533.jpg,64
04767.jpg,47
04882.jpg,103
01155.jpg,95
00853.jpg,152
01246.jpg,117
03545.jpg,34
00062.jpg,189
03012.jpg,82
02507.jpg,164
08110.jpg,185
01629.jpg,179
07093.jpg,138
03531.jpg,186
04164.jpg,112
02000.jpg,39
07241.jpg,11
04535.jpg,134
00134.jpg,160
05427.jpg,99
01048.jpg,19
03922.jpg,189
02679.jpg,94
06642.jpg,120
00748.jpg,68
07187.jpg,33
01625.jpg,155
01989.jpg,143
07416.jpg,78
06221.jpg,103
00732.jpg,40
02926.jpg,124
05448.jpg,18
02962.jpg,124
01238.jpg,110
01941.jpg,73
07411.jpg,78
01362.jpg,110
00926.jpg,41
07944.jpg,157
04853.jpg,169
04945.jpg,33
07901.jpg,37
06489.jpg,181
04158.jpg,134
07940.jpg,46
01492.jpg,147
07630.jpg,178
06197.jpg,49
00688.jpg,139
04060.jpg,31
02933.jpg,76
06132.jpg,79
01595.jpg,194
06407.jpg,124
01415.jpg,24
02578.jpg,113
01422.jpg,127
06326.jpg,40
00935.jpg,145
00892.jpg,188
06230.jpg,20
04250.jpg,44
00035.jpg,153
05711.jpg,170
04428.jpg,13
08117.jpg,74
00917.jpg,91
08141.jpg,195
07478.jpg,82
04251.jpg,138
01026.jpg,52
07805.jpg,26
01502.jpg,16
01655.jpg,121
01158.jpg,186
04835.jpg,94
04179.jpg,107
01536.jpg,124
01511.jpg,51
07004.jpg,154
02381.jpg,38
03481.jpg,124
05803.jpg,40
02007.jpg,13
07865.jpg,152
01458.jpg,112
02536.jpg,77
02158.jpg,101
07567.jpg,155
02073.jpg,159
05167.jpg,173
07337.jpg,142
02591.jpg,111
07476.jpg,159
07531.jpg,149
04004.jpg,189
02112.jpg,113
07192.jpg,64
03034.jpg,76
04057.jpg,182
07849.jpg,101
03616.jpg,86
07107.jpg,96
05888.jpg,84
00323.jpg,181
04393.jpg,94
05527.jpg,185
00854.jpg,70
03078.jpg,89
03441.jpg,125
03747.jpg,140
02225.jpg,90
00964.jpg,115
03164.jpg,47
01222.jpg,63
03654.jpg,12
01308.jpg,22
05548.jpg,40
00173.jpg,119
04267.jpg,60
00812.jpg,67
03086.jpg,135
05904.jpg,174
04117.jpg,51
05878.jpg,26
06723.jpg,115
05327.jpg,184
07235.jpg,63
02062.jpg,173
02428.jpg,122
04625.jpg,69
03822.jpg,122
03527.jpg,178
05116.jpg,13
07196.jpg,50
08060.jpg,144
07388.jpg,58
05889.jpg,28
05985.jpg,27
02884.jpg,71
07431.jpg,54
00894.jpg,125
06634.jpg,173
04794.jpg,46
01623.jpg,135
06961.jpg,146
07538.jpg,50
03623.jpg,186
03218.jpg,165
00561.jpg,20
02769.jpg,131
05204.jpg,156
02816.jpg,169
01388.jpg,108
02999.jpg,32
03558.jpg,36
04486.jpg,1
02555.jpg,132
00829.jpg,62
03234.jpg,81
04686.jpg,151
03201.jpg,175
06892.jpg,30
01823.jpg,80
03435.jpg,17
01113.jpg,87
02355.jpg,181
02975.jpg,32
02758.jpg,27
04723.jpg,62
00027.jpg,183
04848.jpg,15
00741.jpg,110
06525.jpg,72
03103.jpg,22
05486.jpg,104
03762.jpg,44
08108.jpg,59
04132.jpg,134
03221.jpg,12
01087.jpg,72
06305.jpg,53
04801.jpg,188
04209.jpg,95
03617.jpg,31
06493.jpg,127
02053.jpg,110
00341.jpg,66
00834.jpg,119
01167.jpg,20
06522.jpg,131
05130.jpg,85
06104.jpg,189
00102.jpg,104
03374.jpg,161
06178.jpg,72
04009.jpg,71
01727.jpg,125
07954.jpg,55
05593.jpg,81
00744.jpg,136
03488.jpg,110
05127.jpg,187
01429.jpg,126
04906.jpg,101
07876.jpg,55
03940.jpg,164
00098.jpg,50
08003.jpg,130
02859.jpg,73
01705.jpg,2
03242.jpg,65
03898.jpg,195
04475.jpg,24
07358.jpg,186
03570.jpg,32
03418.jpg,12
07718.jpg,32
06214.jpg,36
05648.jpg,39
06661.jpg,163
01258.jpg,94
01539.jpg,194
07872.jpg,147
03098.jpg,122
07180.jpg,166
00176.jpg,65
01200.jpg,141
06055.jpg,74
06328.jpg,2
06878.jpg,113
04863.jpg,113
06501.jpg,103
04347.jpg,161
07839.jpg,173
06626.jpg,118
00088.jpg,169
04977.jpg,126
03611.jpg,173
01054.jpg,42
07276.jpg,58
00313.jpg,23
03480.jpg,42
05175.jpg,186
00551.jpg,41
06550.jpg,51
06672.jpg,180
01166.jpg,122
04925.jpg,110
03561.jpg,10
04619.jpg,50
07011.jpg,142
05264.jpg,152
00197.jpg,109
01303.jpg,190
05704.jpg,121
01730.jpg,149
07072.jpg,126
02777.jpg,156
04864.jpg,105
07870.jpg,103
03229.jpg,116
07332.jpg,93
06015.jpg,155
00372.jpg,167
07768.jpg,97
03974.jpg,136
00569.jpg,57
07683.jpg,194
07188.jpg,134
00074.jpg,105
07576.jpg,97
04732.jpg,125
05277.jpg,154
01636.jpg,85
02513.jpg,153
01233.jpg,137
03003.jpg,190
07254.jpg,65
05010.jpg,102
06608.jpg,195
05674.jpg,21
02834.jpg,116
02318.jpg,86
01416.jpg,6
07742.jpg,140
06913.jpg,90
01672.jpg,32
03767.jpg,1
03116.jpg,147
06703.jpg,26
02629.jpg,191
03249.jpg,80
01270.jpg,43
03771.jpg,161
05025.jpg,120
04782.jpg,37
03550.jpg,86
05332.jpg,53
02634.jpg,105
01626.jpg,120
02621.jpg,186
00674.jpg,118
06358.jpg,45
00047.jpg,193
05236.jpg,100
01880.jpg,13
07142.jpg,18
02397.jpg,139
07074.jpg,77
07891.jpg,151
01945.jpg,47
04766.jpg,166
00736.jpg,178
05134.jpg,138
01304.jpg,136
00981.jpg,49
05155.jpg,119
04519.jpg,38
00931.jpg,190
05901.jpg,120
06841.jpg,176
05224.jpg,0
02304.jpg,15
02916.jpg,173
07156.jpg,107
02182.jpg,122
00956.jpg,19
05802.jpg,15
02981.jpg,80
06223.jpg,116
05739.jpg,63
06968.jpg,130
00326.jpg,192
01041.jpg,118
02167.jpg,106
01591.jpg,17
06852.jpg,23
04148.jpg,130
03429.jpg,15
04458.jpg,47
00086.jpg,144
05833.jpg,60
03645.jpg,139
04962.jpg,152
01383.jpg,112
00264.jpg,68
07445.jpg,3
00842.jpg,113
06357.jpg,70
03316.jpg,6
02955.jpg,150
00312.jpg,72
05565.jpg,160
00958.jpg,191
04951.jpg,43
07483.jpg,5
02028.jpg,174
08122.jpg,51
05132.jpg,31
01347.jpg,178
00029.jpg,179
05017.jpg,115
03468.jpg,81
00740.jpg,2
01906.jpg,75
03751.jpg,45
02676.jpg,152
08061.jpg,165
02320.jpg,142
00952.jpg,194
03313.jpg,12
04049.jpg,76
06763.jpg,79
01491.jpg,149
02250.jpg,187
03650.jpg,83
01555.jpg,113
05051.jpg,99
04372.jpg,61
04444.jpg,117
02902.jpg,156
03047.jpg,92
02137.jpg,136
02764.jpg,24
01275.jpg,28
07243.jpg,99
04689.jpg,20
01261.jpg,84
01036.jpg,26
00498.jpg,118
07975.jpg,174
07704.jpg,8
00278.jpg,155
04557.jpg,141
00590.jpg,180
04624.jpg,70
03541.jpg,55
01852.jpg,7
04871.jpg,179
04820.jpg,137
00011.jpg,48
04200.jpg,117
03628.jpg,187
02011.jpg,190
02426.jpg,34
05735.jpg,150
04018.jpg,36
00108.jpg,87
00319.jpg,46
04483.jpg,118
07475.jpg,108
05286.jpg,146
03791.jpg,15
06736.jpg,147
04108.jpg,154
07942.jpg,130
05768.jpg,96
02481.jpg,181
07612.jpg,116
05245.jpg,195
02783.jpg,72
00144.jpg,70
04501.jpg,185
00571.jpg,130
00729.jpg,128
00149.jpg,85
03194.jpg,76
07380.jpg,85
07762.jpg,93
01652.jpg,64
06791.jpg,166
06825.jpg,113
03460.jpg,82
04534.jpg,194
06593.jpg,24
00596.jpg,122
03870.jpg,112
06838.jpg,163
04913.jpg,164
04737.jpg,31
04854.jpg,101
00384.jpg,58
01103.jpg,47
00633.jpg,156
03427.jpg,21
06030.jpg,29
08004.jpg,29
06579.jpg,63
04066.jpg,110
01987.jpg,51
01368.jpg,132
03464.jpg,43
00889.jpg,162
05461.jpg,101
06744.jpg,91
06423.jpg,176
01116.jpg,54
01927.jpg,108
06777.jpg,182
06171.jpg,153
07288.jpg,185
02709.jpg,80
00803.jpg,23
00178.jpg,121
06880.jpg,71
02671.jpg,6
03133.jpg,130
04327.jpg,145
02364.jpg,2
07541.jpg,71
02471.jpg,150
03750.jpg,13
07364.jpg,3
03453.jpg,81
02535.jpg,129
05943.jpg,120
07599.jpg,9
06414.jpg,119
06330.jpg,122
01370.jpg,20
01237.jpg,172
02489.jpg,152
00280.jpg,106
04994.jpg,104
01392.jpg,4
07136.jpg,183
00530.jpg,160
00508.jpg,166
01104.jpg,184
01637.jpg,127
06580.jpg,174
07341.jpg,49
05143.jpg,9
07228.jpg,33
05804.jpg,0
06147.jpg,76
03824.jpg,22
04412.jpg,157
00948.jpg,79
07319.jpg,136
00662.jpg,124
01616.jpg,82
07278.jpg,7
00869.jpg,186
08032.jpg,33
06256.jpg,121
03573.jpg,109
00502.jpg,87
04558.jpg,118
06422.jpg,3
07976.jpg,12
00847.jpg,158
02417.jpg,190
05303.jpg,103
00439.jpg,48
07378.jpg,84
06338.jpg,173
02472.jpg,95
01882.jpg,117
03646.jpg,84
01834.jpg,123
04628.jpg,172
02030.jpg,117
05697.jpg,116
06287.jpg,175
00445.jpg,179
01826.jpg,84
01061.jpg,31
02251.jpg,91
06311.jpg,144
04636.jpg,161
03284.jpg,182
06089.jpg,26
07986.jpg,144
06255.jpg,115
02571.jpg,145
04872.jpg,98
01427.jpg,148
06172.jpg,82
01234.jpg,48
07381.jpg,83
04904.jpg,157
01420.jpg,163
03983.jpg,152
03817.jpg,167
06697.jpg,173
01918.jpg,0
07756.jpg,72
03383.jpg,18
01772.jpg,38
01909.jpg,37
07485.jpg,88
00122.jpg,27
03449.jpg,21
04561.jpg,128
01817.jpg,51
01614.jpg,46
00977.jpg,32
04597.jpg,105
04629.jpg,65
02198.jpg,180
03629.jpg,129
03247.jpg,124
06286.jpg,192
03009.jpg,8
00099.jpg,36
03971.jpg,119
01124.jpg,10
03019.jpg,24
03786.jpg,97
00599.jpg,185
03803.jpg,91
00467.jpg,13
01959.jpg,65
00998.jpg,57
04052.jpg,35
02090.jpg,153
05223.jpg,112
02601.jpg,93
01789.jpg,86
02480.jpg,33
05319.jpg,117
03789.jpg,121
01991.jpg,32
04181.jpg,176
07201.jpg,132
02593.jpg,38
07527.jpg,158
04825.jpg,6
01832.jpg,0
06531.jpg,38
05821.jpg,7
01319.jpg,180
07003.jpg,185
03123.jpg,123
00742.jpg,4
04090.jpg,181
02394.jpg,119
08064.jpg,131
01978.jpg,50
01845.jpg,161
04416.jpg,187
03478.jpg,33
06633.jpg,34
05210.jpg,160
04259.jpg,72
07793.jpg,30
01223.jpg,146
00090.jpg,113
01875.jpg,166
08096.jpg,7
06814.jpg,105
06434.jpg,186
07580.jpg,153
07888.jpg,163
02936.jpg,37
01645.jpg,82
07306.jpg,177
01897.jpg,113
03620.jpg,37
01729.jpg,149
05513.jpg,100
06342.jpg,176
03960.jpg,126
01856.jpg,120
01756.jpg,159
07939.jpg,188
00864.jpg,102
02600.jpg,16
03439.jpg,17
03689.jpg,151
06804.jpg,84
02729.jpg,93
00677.jpg,99
02094.jpg,145
02596.jpg,80
00133.jpg,134
04632.jpg,180
03897.jpg,93
05221.jpg,68
02306.jpg,76
02316.jpg,63
03526.jpg,73
01673.jpg,80
03584.jpg,111
05751.jpg,118
00559.jpg,161
04914.jpg,96
04332.jpg,181
02628.jpg,112
07135.jpg,157
00407.jpg,58
06729.jpg,40
03416.jpg,175
05525.jpg,65
03122.jpg,151
00486.jpg,57
02953.jpg,98
06576.jpg,183
02541.jpg,44
05044.jpg,130
05705.jpg,19
06081.jpg,160
06262.jpg,0
01809.jpg,176
07602.jpg,92
03007.jpg,47
04697.jpg,104
03497.jpg,118
07324.jpg,139
04374.jpg,31
00104.jpg,73
00851.jpg,194
01371.jpg,91
04804.jpg,109
06002.jpg,7
01110.jpg,183
08142.jpg,162
02540.jpg,1
04903.jpg,84
01613.jpg,31
03391.jpg,92
07487.jpg,0
02341.jpg,17
03336.jpg,84
07764.jpg,35
06385.jpg,108
00082.jpg,191
07144.jpg,26
06849.jpg,47
02493.jpg,43
07880.jpg,25
01495.jpg,155
03389.jpg,108
01028.jpg,179
03354.jpg,154
02015.jpg,15
02478.jpg,20
04911.jpg,109
07249.jpg,88
05628.jpg,78
00123.jpg,143
03682.jpg,125
07874.jpg,47
07600.jpg,49
07802.jpg,72
05850.jpg,146
04660.jpg,163
00558.jpg,81
00253.jpg,49
02516.jpg,35
02809.jpg,35
07468.jpg,15
02324.jpg,25
02643.jpg,57
07627.jpg,155
01894.jpg,136
01332.jpg,125
02970.jpg,45
02238.jpg,137
04370.jpg,62
02872.jpg,147
02608.jpg,75
06291.jpg,17
05895.jpg,125
03040.jpg,90
04460.jpg,129
04103.jpg,81
06380.jpg,159
00246.jpg,166
01702.jpg,59
04015.jpg,80
01380.jpg,123
00288.jpg,188
02680.jpg,23
02124.jpg,3
05963.jpg,169
07588.jpg,147
02686.jpg,37
00143.jpg,154
06438.jpg,71
06309.jpg,6
03500.jpg,150
06652.jpg,149
05774.jpg,175
05871.jpg,84
06359.jpg,90
08047.jpg,78
02966.jpg,105
00249.jpg,152
01088.jpg,158
00409.jpg,188
01151.jpg,21
07175.jpg,2
01692.jpg,139
04046.jpg,96
04847.jpg,84
01920.jpg,115
00185.jpg,132
05083.jpg,12
00978.jpg,61
01365.jpg,48
07838.jpg,147
06007.jpg,159
05918.jpg,2
02403.jpg,146
00446.jpg,23
02485.jpg,108
02097.jpg,74
03517.jpg,164
04432.jpg,187
02986.jpg,128
07101.jpg,85
00752.jpg,167
04706.jpg,29
03651.jpg,63
04382.jpg,167
04426.jpg,141
03447.jpg,51
03508.jpg,170
08087.jpg,122
05323.jpg,116
07179.jpg,132
02756.jpg,168
00462.jpg,0
05503.jpg,165
05521.jpg,140
00615.jpg,74
02311.jpg,0
01740.jpg,154
02759.jpg,108
06937.jpg,90
06006.jpg,38
04840.jpg,33
04245.jpg,86
02810.jpg,114
00545.jpg,146
00643.jpg,193
01943.jpg,83
02296.jpg,67
06343.jpg,190
02174.jpg,144
00621.jpg,144
00213.jpg,194
06991.jpg,12
00822.jpg,151
03847.jpg,163
02710.jpg,97
05993.jpg,62
07513.jpg,174
02388.jpg,59
00479.jpg,119
01136.jpg,51
03935.jpg,31
02435.jpg,174
02577.jpg,8
06114.jpg,183
06924.jpg,47
07223.jpg,148
02547.jpg,86
06245.jpg,81
03443.jpg,85
05233.jpg,143
02508.jpg,108
05734.jpg,170
04087.jpg,117
02511.jpg,131
01612.jpg,68
03539.jpg,68
02347.jpg,67
05031.jpg,164
06346.jpg,77
04152.jpg,26
00299.jpg,146
02259.jpg,43
01290.jpg,164
04113.jpg,59
06431.jpg,47
04400.jpg,128
05798.jpg,138
02654.jpg,56
00171.jpg,18
07271.jpg,123
01804.jpg,92
02803.jpg,149
06142.jpg,47
04411.jpg,159
02565.jpg,194
00042.jpg,190
03246.jpg,109
08115.jpg,159
07665.jpg,50
01263.jpg,142
01419.jpg,69
03369.jpg,156
04618.jpg,113
04990.jpg,159
01811.jpg,51
04993.jpg,74
07676.jpg,67
02389.jpg,84
02868.jpg,42
03128.jpg,159
07016.jpg,140
02997.jpg,191
03837.jpg,88
06514.jpg,53
07997.jpg,141
04206.jpg,171
01057.jpg,78
05247.jpg,178
03936.jpg,21
01842.jpg,162
01442.jpg,165
07080.jpg,151
07827.jpg,174
06930.jpg,141
05600.jpg,59
07220.jpg,163
03727.jpg,146
02184.jpg,179
07804.jpg,91
04324.jpg,120
04191.jpg,15
03168.jpg,48
03424.jpg,193
01219.jpg,80
01723.jpg,157
07990.jpg,42
04552.jpg,9
04517.jpg,151
06604.jpg,168
03072.jpg,90
07960.jpg,1
06581.jpg,21
07012.jpg,95
05418.jpg,173
04548.jpg,26
03920.jpg,93
06393.jpg,169
07877.jpg,159
07470.jpg,138
01977.jpg,86
04373.jpg,90
04455.jpg,166
03853.jpg,173
07371.jpg,83
07686.jpg,108
03708.jpg,52
06176.jpg,74
01025.jpg,128
05075.jpg,24
01800.jpg,123
07495.jpg,43
04941.jpg,160
02458.jpg,58
02673.jpg,58
03403.jpg,136
02115.jpg,50
05165.jpg,171
01356.jpg,167
01634.jpg,159
02348.jpg,106
00071.jpg,125
00734.jpg,164
01802.jpg,75
07727.jpg,14
06105.jpg,21
00137.jpg,177
00787.jpg,140
00862.jpg,118
07620.jpg,138
04834.jpg,155
01273.jpg,101
03399.jpg,34
01005.jpg,64
01885.jpg,129
05112.jpg,65
01877.jpg,14
02588.jpg,113
04862.jpg,123
04280.jpg,58
05995.jpg,160
05885.jpg,79
07848.jpg,49
05590.jpg,117
02300.jpg,104
04704.jpg,170
01329.jpg,164
07129.jpg,154
00986.jpg,132
07807.jpg,176
02475.jpg,152
03170.jpg,180
02648.jpg,81
06641.jpg,152
06970.jpg,95
04919.jpg,88
03109.jpg,185
00233.jpg,193
00938.jpg,42
02824.jpg,45
02189.jpg,162
00863.jpg,76
03489.jpg,148
01062.jpg,60
07875.jpg,110
06860.jpg,39
03902.jpg,92
05752.jpg,84
04098.jpg,179
04563.jpg,124
01269.jpg,179
03225.jpg,116
07956.jpg,50
05140.jpg,57
01665.jpg,137
00401.jpg,87
03237.jpg,32
02506.jpg,107
04001.jpg,163
06762.jpg,81
00890.jpg,168
07446.jpg,116
06601.jpg,124
00687.jpg,139
03630.jpg,88
05818.jpg,64
04602.jpg,80
01753.jpg,41
00041.jpg,12
07296.jpg,44
08089.jpg,128
02590.jpg,66
04720.jpg,125
02630.jpg,22
02479.jpg,82
06856.jpg,70
04777.jpg,33
06217.jpg,40
05020.jpg,70
01040.jpg,87
07953.jpg,76
04399.jpg,38
00963.jpg,54
03635.jpg,99
03856.jpg,73
06544.jpg,111
03227.jpg,193
05494.jpg,174
03156.jpg,61
04678.jpg,69
01571.jpg,171
06885.jpg,29
05077.jpg,6
07773.jpg,130
06126.jpg,98
04611.jpg,10
01890.jpg,25
07722.jpg,165
06767.jpg,61
01350.jpg,156
05656.jpg,115
03339.jpg,36
06261.jpg,86
03615.jpg,55
00411.jpg,13
01179.jpg,10
05819.jpg,133
01515.jpg,21
03959.jpg,68
00954.jpg,194
02554.jpg,126
01700.jpg,17
04728.jpg,87
04156.jpg,183
04603.jpg,165
06884.jpg,154
01264.jpg,3
03544.jpg,55
05939.jpg,169
05027.jpg,189
03321.jpg,15
01296.jpg,114
00056.jpg,52
00627.jpg,136
04546.jpg,191
02831.jpg,97
07191.jpg,3
07436.jpg,130
05227.jpg,93
06026.jpg,58
06683.jpg,8
06364.jpg,160
04040.jpg,20
06012.jpg,119
03703.jpg,18
05336.jpg,175
06023.jpg,185
01837.jpg,89
06061.jpg,1
07950.jpg,119
01439.jpg,92
01662.jpg,172
08059.jpg,120
01795.jpg,77
05099.jpg,106
04112.jpg,128
03363.jpg,87
06605.jpg,31
00318.jpg,10
02563.jpg,173
01112.jpg,192
00365.jpg,52
01667.jpg,145
07434.jpg,132
03841.jpg,182
04289.jpg,50
01580.jpg,32
06949.jpg,25
02040.jpg,96
05622.jpg,178
07176.jpg,164
07902.jpg,146
03100.jpg,128
03637.jpg,165
07792.jpg,185
07217.jpg,163
08012.jpg,149
00634.jpg,8
04468.jpg,81
04544.jpg,0
00731.jpg,102
06312.jpg,94
00774.jpg,90
05022.jpg,144
02636.jpg,159
07889.jpg,23
04814.jpg,35
07635.jpg,45
07064.jpg,85
01288.jpg,93
06193.jpg,21
06293.jpg,112
00142.jpg,59
00696.jpg,121
03187.jpg,88
04094.jpg,185
06064.jpg,68
01872.jpg,176
07137.jpg,117
03709.jpg,29
07816.jpg,131
05781.jpg,72
03962.jpg,78
03254.jpg,28
02867.jpg,157
04380.jpg,16
04664.jpg,99
06411.jpg,37
03895.jpg,125
01021.jpg,161
01738.jpg,133
02542.jpg,154
05923.jpg,43
00534.jpg,138
06555.jpg,148
00291.jpg,141
03986.jpg,171
01252.jpg,195
00305.jpg,142
00127.jpg,78
07365.jpg,156
07182.jpg,91
03044.jpg,182
00804.jpg,165
01754.jpg,131
01386.jpg,169
06024.jpg,7
06200.jpg,88
07432.jpg,66
05424.jpg,104
05246.jpg,109
07391.jpg,145
05983.jpg,58
04696.jpg,19
06619.jpg,114
07927.jpg,118
03649.jpg,94
06000.jpg,86
02413.jpg,141
06702.jpg,49
06635.jpg,43
06659.jpg,145
02749.jpg,149
05485.jpg,179
06477.jpg,82
06320.jpg,87
05108.jpg,107
08046.jpg,187
04774.jpg,53
02771.jpg,8
01621.jpg,145
05342.jpg,87
06390.jpg,188
08084.jpg,129
01508.jpg,135
03790.jpg,6
02543.jpg,79
04264.jpg,57
06472.jpg,165
00679.jpg,100
03707.jpg,99
00079.jpg,132
06989.jpg,169
02431.jpg,12
06444.jpg,66
08013.jpg,118
07050.jpg,3
02103.jpg,195
05331.jpg,168
01654.jpg,62
00497.jpg,184
06779.jpg,59
05030.jpg,0
01743.jpg,79
00763.jpg,173
05363.jpg,115
07410.jpg,187
02203.jpg,65
03989.jpg,188
02880.jpg,115
03485.jpg,171
03809.jpg,154
04454.jpg,101
01793.jpg,115
02196.jpg,121
00622.jpg,51
03875.jpg,1
06280.jpg,91
00106.jpg,161
01796.jpg,77
06240.jpg,178
05762.jpg,80
04667.jpg,122
05761.jpg,172
00488.jpg,55
06582.jpg,128
01995.jpg,152
07935.jpg,178
07673.jpg,44
04477.jpg,92
07573.jpg,91
01664.jpg,125
06210.jpg,129
05337.jpg,37
04705.jpg,119
05464.jpg,16
07517.jpg,128
02746.jpg,59
02393.jpg,185
07733.jpg,154
07390.jpg,109
03600.jpg,88
03452.jpg,159
04033.jpg,157
04769.jpg,29
04058.jpg,63
00875.jpg,95
05673.jpg,172
03969.jpg,14
07518.jpg,47
03134.jpg,120
06075.jpg,36
03438.jpg,190
04856.jpg,141
01208.jpg,29
05128.jpg,4
07169.jpg,6
05568.jpg,29
02067.jpg,193
06553.jpg,18
01907.jpg,110
07978.jpg,150
02894.jpg,140
00772.jpg,19
03381.jpg,154
07071.jpg,122
06202.jpg,27
06225.jpg,46
00293.jpg,103
06890.jpg,107
05698.jpg,51
07362.jpg,150
04456.jpg,14
07385.jpg,41
01641.jpg,164
06680.jpg,131
05335.jpg,80
00266.jpg,16
03248.jpg,176
01718.jpg,148
07300.jpg,121
04650.jpg,21
07779.jpg,190
05452.jpg,164
08056.jpg,118
06218.jpg,79
08036.jpg,186
07765.jpg,13
00482.jpg,183
01870.jpg,2
02564.jpg,70
02069.jpg,167
00161.jpg,72
05916.jpg,5
06517.jpg,168
01588.jpg,102
07382.jpg,141
01015.jpg,193
00190.jpg,44
02096.jpg,43
02119.jpg,114
08029.jpg,105
06014.jpg,99
08068.jpg,36
02013.jpg,167
06577.jpg,64
04789.jpg,102
05366.jpg,9
05345.jpg,101
04750.jpg,8
03556.jpg,109
02350.jpg,16
04100.jpg,110
00756.jpg,152
03673.jpg,15
06419.jpg,108
04381.jpg,75
03746.jpg,96
01282.jpg,183
03741.jpg,99
03569.jpg,135
04092.jpg,96
05589.jpg,154
07913.jpg,80
00380.jpg,98
06583.jpg,39
01794.jpg,177
07022.jpg,27
02688.jpg,19
01390.jpg,187
07086.jpg,50
00227.jpg,60
01240.jpg,187
03200.jpg,167
01928.jpg,91
06108.jpg,70
04487.jpg,37
01069.jpg,80
05238.jpg,140
02776.jpg,101
00231.jpg,105
07433.jpg,40
05736.jpg,145
02234.jpg,38
06298.jpg,29
03186.jpg,177
01843.jpg,185
07150.jpg,61
06376.jpg,125
04449.jpg,42
02349.jpg,184
07784.jpg,67
07297.jpg,88
00758.jpg,48
02070.jpg,94
03309.jpg,121
08011.jpg,0
06735.jpg,91
05669.jpg,104
02330.jpg,161
03107.jpg,161
00328.jpg,61
05309.jpg,64
06535.jpg,72
04217.jpg,143
05558.jpg,170
03334.jpg,171
01450.jpg,14
04647.jpg,118
06373.jpg,195
08129.jpg,45
04396.jpg,7
05715.jpg,76
05298.jpg,101
07239.jpg,111
01378.jpg,86
06231.jpg,77
03119.jpg,23
07299.jpg,131
06339.jpg,86
05468.jpg,48
06802.jpg,66
03783.jpg,127
03413.jpg,41
03014.jpg,35
04408.jpg,74
01899.jpg,134
04151.jpg,180
07402.jpg,192
02678.jpg,142
04987.jpg,130
05952.jpg,117
04899.jpg,64
06283.jpg,112
07242.jpg,91
06618.jpg,60
03028.jpg,71
03193.jpg,118
07894.jpg,49
05270.jpg,186
00158.jpg,178
03949.jpg,170
00860.jpg,103
00405.jpg,9
02228.jpg,136
07818.jpg,90
07312.jpg,18
03876.jpg,128
07315.jpg,122
06229.jpg,22
00208.jpg,7
05700.jpg,182
06941.jpg,54
04982.jpg,192
00282.jpg,60
04212.jpg,64
07775.jpg,105
01454.jpg,121
03220.jpg,85
00354.jpg,56
04582.jpg,182
02447.jpg,173
06462.jpg,191
05050.jpg,22
02173.jpg,104
00703.jpg,114
04787.jpg,174
00715.jpg,113
02465.jpg,28
04461.jpg,38
07247.jpg,82
02309.jpg,45
06864.jpg,74
00314.jpg,86
07091.jpg,97
00371.jpg,82
05887.jpg,23
03199.jpg,26
07614.jpg,62
07728.jpg,184
06528.jpg,53
07170.jpg,84
05998.jpg,169
00162.jpg,175
04584.jpg,30
07490.jpg,52
06292.jpg,4
06965.jpg,183
00094.jpg,111
05109.jpg,182
07035.jpg,74
01317.jpg,191
07679.jpg,42
06448.jpg,87
04020.jpg,49
04086.jpg,26
07349.jpg,61
06558.jpg,101
00567.jpg,91
01939.jpg,77
06145.jpg,3
06566.jpg,52
07053.jpg,15
05181.jpg,16
07102.jpg,184
06344.jpg,22
01581.jpg,10
02836.jpg,55
07558.jpg,173
07763.jpg,76
02076.jpg,160
00260.jpg,133
01979.jpg,106
02024.jpg,147
01558.jpg,100
00939.jpg,170
06189.jpg,108
05897.jpg,36
02757.jpg,114
02319.jpg,61
02583.jpg,184
06554.jpg,87
04648.jpg,113
03129.jpg,94
06150.jpg,168
04996.jpg,123
06644.jpg,6
03958.jpg,172
02773.jpg,11
07456.jpg,171
03302.jpg,164
03093.jpg,153
00277.jpg,172
01808.jpg,74
03552.jpg,108
08094.jpg,53
03319.jpg,124
06138.jpg,133
04022.jpg,122
00470.jpg,91
04162.jpg,94
07840.jpg,104
04119.jpg,181
00871.jpg,44
00524.jpg,125
08138.jpg,180
07353.jpg,42
06760.jpg,114
06903.jpg,96
01107.jpg,65
02287.jpg,33
00652.jpg,141
02599.jpg,85
02038.jpg,95
00320.jpg,6
04622.jpg,73
03775.jpg,152
02148.jpg,132
07532.jpg,146
00117.jpg,41
07225.jpg,167
03386.jpg,100
03477.jpg,147
02012.jpg,89
04676.jpg,21
07603.jpg,64
04220.jpg,145
01042.jpg,72
05043.jpg,189
02055.jpg,10
02887.jpg,16
04431.jpg,86
02532.jpg,97
06787.jpg,46
06111.jpg,192
03930.jpg,189
05709.jpg,98
05680.jpg,172
06008.jpg,11
00403.jpg,109
06784.jpg,2
04975.jpg,37
00120.jpg,160
03000.jpg,90
06011.jpg,18
06430.jpg,180
04869.jpg,167
05100.jpg,119
05962.jpg,161
01604.jpg,48
06486.jpg,28
01341.jpg,72
00359.jpg,57
05541.jpg,27
02344.jpg,193
06335.jpg,18
02146.jpg,106
04034.jpg,108
08034.jpg,137
07238.jpg,47
00040.jpg,141
07847.jpg,155
02448.jpg,90
03245.jpg,42
04918.jpg,12
05144.jpg,20
01010.jpg,5
03479.jpg,45
02698.jpg,107
02945.jpg,53
02157.jpg,117
07002.jpg,17
00991.jpg,30
07587.jpg,67
03729.jpg,126
01649.jpg,73
06239.jpg,9
01769.jpg,147
01844.jpg,193
07771.jpg,146
01553.jpg,27
00776.jpg,118
02354.jpg,61
05587.jpg,12
02883.jpg,61
08005.jpg,2
02133.jpg,116
06772.jpg,71
00750.jpg,23
03846.jpg,181
03364.jpg,124
03548.jpg,166
07272.jpg,175
00145.jpg,139
00775.jpg,137
07171.jpg,5
07330.jpg,139
01434.jpg,97
00294.jpg,47
00934.jpg,22
05928.jpg,40
00163.jpg,0
04555.jpg,186
07078.jpg,139
07962.jpg,128
04429.jpg,78
07260.jpg,89
07583.jpg,172
02151.jpg,148
03588.jpg,194
01607.jpg,178
03848.jpg,21
04880.jpg,186
00824.jpg,113
02573.jpg,111
07836.jpg,92
06956.jpg,22
00262.jpg,102
02576.jpg,61
06524.jpg,170
06694.jpg,97
04798.jpg,114
07284.jpg,126
01650.jpg,39
06322.jpg,137
05005.jpg,114
05435.jpg,18
06113.jpg,180
07231.jpg,172
00850.jpg,133
06693.jpg,60
04085.jpg,6
06433.jpg,10
00966.jpg,26
02371.jpg,96
01224.jpg,38
03675.jpg,180
05706.jpg,34
07897.jpg,1
03209.jpg,154
00867.jpg,86
01513.jpg,194
05561.jpg,169
00604.jpg,76
00352.jpg,142
07530.jpg,46
05263.jpg,11
06439.jpg,143
02743.jpg,109
03426.jpg,67
03553.jpg,49
05860.jpg,75
06051.jpg,37
00058.jpg,64
02914.jpg,161
04988.jpg,101
01311.jpg,87
01382.jpg,52
00064.jpg,186
07778.jpg,42
05396.jpg,49
08044.jpg,9
02195.jpg,33
02361.jpg,120
07326.jpg,77
00366.jpg,31
07037.jpg,180
01747.jpg,168
05526.jpg,124
06585.jpg,189
04571.jpg,116
02025.jpg,21
03410.jpg,137
00148.jpg,186
06648.jpg,100
02332.jpg,194
01469.jpg,35
06774.jpg,4
04043.jpg,80
07987.jpg,186
01659.jpg,129
03734.jpg,35
04934.jpg,168
02384.jpg,98
04336.jpg,145
07131.jpg,32
01120.jpg,186
02821.jpg,57
08079.jpg,113
07564.jpg,79
06340.jpg,192
07702.jpg,193
03626.jpg,152
03755.jpg,14
01527.jpg,95
04670.jpg,107
06678.jpg,20
04337.jpg,140
02691.jpg,33
05959.jpg,125
04356.jpg,51
00024.jpg,169
00681.jpg,19
00523.jpg,114
01706.jpg,6
06954.jpg,19
05505.jpg,156
01901.jpg,6
04115.jpg,146
05610.jpg,92
03885.jpg,128
08090.jpg,89
01497.jpg,88
03458.jpg,10
06803.jpg,88
06988.jpg,173
02979.jpg,162
03250.jpg,175
07128.jpg,103
02360.jpg,105
06059.jpg,129
05780.jpg,148
06186.jpg,149
07449.jpg,149
02491.jpg,2
07858.jpg,193
00581.jpg,48
06527.jpg,137
05480.jpg,159
06173.jpg,64
05459.jpg,184
01333.jpg,129
05977.jpg,191
07959.jpg,156
00116.jpg,109
04401.jpg,45
02095.jpg,5
04495.jpg,7
01096.jpg,158
05035.jpg,118
07417.jpg,32
05727.jpg,139
04320.jpg,153
06997.jpg,36
04725.jpg,8
00607.jpg,58
04462.jpg,84
01243.jpg,153
06130.jpg,161
02256.jpg,21
01322.jpg,6
00769.jpg,60
00276.jpg,131
00070.jpg,28
07666.jpg,5
02813.jpg,30
06429.jpg,145
01325.jpg,69
03845.jpg,57
00301.jpg,120
07151.jpg,175
07815.jpg,188
05691.jpg,65
03782.jpg,47
03422.jpg,24
00485.jpg,76
05824.jpg,22
00733.jpg,23
07051.jpg,34
06369.jpg,43
04675.jpg,162
05906.jpg,116
03290.jpg,136
08008.jpg,65
05938.jpg,102
07189.jpg,132
04637.jpg,183
04434.jpg,32
07506.jpg,176
03872.jpg,48
02293.jpg,177
01312.jpg,85
01757.jpg,37
07925.jpg,54
04739.jpg,150
05608.jpg,100
01698.jpg,122
07982.jpg,175
06636.jpg,40
04485.jpg,96
00595.jpg,68
07798.jpg,160
03069.jpg,162
00496.jpg,80
04587.jpg,182
01704.jpg,83
02470.jpg,129
07049.jpg,190
04693.jpg,35
08120.jpg,127
03042.jpg,166
02494.jpg,85
02460.jpg,117
05163.jpg,37
02802.jpg,178
00678.jpg,26
07409.jpg,167
03420.jpg,89
07089.jpg,58
08137.jpg,16
08049.jpg,63
05078.jpg,102
06769.jpg,178
03963.jpg,102
03638.jpg,65
01934.jpg,104
01822.jpg,138
03499.jpg,58
04717.jpg,127
04503.jpg,129
01289.jpg,52
03908.jpg,54
07505.jpg,162
06512.jpg,66
01682.jpg,82
06109.jpg,127
07812.jpg,37
03528.jpg,145
05988.jpg,131
02272.jpg,182
04097.jpg,62
03064.jpg,8
00663.jpg,83
06545.jpg,20
06073.jpg,88
03287.jpg,47
02241.jpg,26
07045.jpg,29
07759.jpg,35
01185.jpg,51
07932.jpg,172
04230.jpg,106
03308.jpg,6
02849.jpg,78
05214.jpg,78
05575.jpg,89
05637.jpg,146
05412.jpg,82
01916.jpg,38
01915.jpg,135
03180.jpg,31
05391.jpg,126
07207.jpg,141
06253.jpg,61
07328.jpg,73
02580.jpg,150
05071.jpg,51
05658.jpg,80
04533.jpg,11
06953.jpg,38
04364.jpg,182
07910.jpg,50
04433.jpg,143
03565.jpg,83
06398.jpg,125
07730.jpg,119
05936.jpg,57
07320.jpg,75
07653.jpg,170
03433.jpg,42
01940.jpg,176
06139.jpg,71
03282.jpg,78
02156.jpg,122
03792.jpg,75
00244.jpg,6
04846.jpg,154
01986.jpg,126
05538.jpg,181
05149.jpg,148
02179.jpg,119
04956.jpg,14
05932.jpg,54
04075.jpg,22
01573.jpg,54
07731.jpg,34
04547.jpg,29
07989.jpg,189
06662.jpg,31
01878.jpg,131
02852.jpg,164
08051.jpg,10
02122.jpg,101
00230.jpg,182
00257.jpg,30
03863.jpg,124
06379.jpg,143
03953.jpg,28
04754.jpg,191
05754.jpg,0
04121.jpg,7
04526.jpg,190
01045.jpg,148
04491.jpg,139
01841.jpg,25
01771.jpg,155
05417.jpg,188
04283.jpg,95
00532.jpg,79
01207.jpg,47
05520.jpg,119
03610.jpg,95
03830.jpg,24
05692.jpg,47
06722.jpg,167
00324.jpg,185
07535.jpg,15
02503.jpg,67
04025.jpg,90
02853.jpg,88
06620.jpg,31
04576.jpg,38
05659.jpg,100
02913.jpg,3
04781.jpg,156
03560.jpg,41
04238.jpg,80
04499.jpg,131
06410.jpg,79
06895.jpg,153
01535.jpg,1
04262.jpg,104
00737.jpg,87
06179.jpg,5
07844.jpg,119
04768.jpg,62
04142.jpg,117
04278.jpg,112
01481.jpg,86
07898.jpg,92
05642.jpg,189
03159.jpg,99
01228.jpg,44
00617.jpg,123
00118.jpg,176
03614.jpg,74
08095.jpg,44
05090.jpg,25
03491.jpg,120
06383.jpg,96
00206.jpg,10
06497.jpg,125
01007.jpg,136
07375.jpg,187
02627.jpg,27
07624.jpg,96
07266.jpg,120
06303.jpg,104
01647.jpg,53
06900.jpg,143
06140.jpg,78
04786.jpg,78
02942.jpg,57
05523.jpg,134
05953.jpg,95
06656.jpg,167
05618.jpg,160
02476.jpg,142
04443.jpg,24
00501.jpg,160
05318.jpg,118
07444.jpg,170
00874.jpg,69
06302.jpg,3
01557.jpg,49
03268.jpg,83
01653.jpg,161
07972.jpg,106
06771.jpg,9
07018.jpg,172
00097.jpg,56
00538.jpg,106
04039.jpg,156
02294.jpg,85
04682.jpg,137
04595.jpg,13
00951.jpg,94
05070.jpg,76
03110.jpg,94
06415.jpg,170
05354.jpg,171
01193.jpg,47
03343.jpg,72
06957.jpg,136
07809.jpg,72
00940.jpg,20
06521.jpg,102
04225.jpg,87
06443.jpg,30
01468.jpg,6
06640.jpg,68
02624.jpg,80
05743.jpg,61
06534.jpg,77
05058.jpg,32
07994.jpg,30
04131.jpg,129
00685.jpg,136
01686.jpg,112
04303.jpg,163
01379.jpg,191
07066.jpg,193
01737.jpg,131
01849.jpg,120
00796.jpg,183
05049.jpg,45
07269.jpg,29
02866.jpg,195
02192.jpg,144
06929.jpg,109
04054.jpg,35
01691.jpg,49
04821.jpg,61
01862.jpg,101
02047.jpg,56
05289.jpg,103
01559.jpg,77
01930.jpg,186
04035.jpg,55
07109.jpg,39
07609.jpg,194
06562.jpg,137
03486.jpg,34
04500.jpg,28
05207.jpg,125
07905.jpg,106
03794.jpg,188
07065.jpg,115
00454.jpg,48
07681.jpg,12
03045.jpg,147
00793.jpg,23
00184.jpg,160
06470.jpg,118
04466.jpg,142
02059.jpg,22
00950.jpg,190
07566.jpg,16
07097.jpg,70
00066.jpg,16
08021.jpg,27
05444.jpg,118
04300.jpg,75
06222.jpg,42
06654.jpg,165
01627.jpg,53
05730.jpg,53
04673.jpg,24
03010.jpg,29
00913.jpg,151
04316.jpg,48
03639.jpg,176
07019.jpg,68
05110.jpg,148
01374.jpg,158
00573.jpg,169
01241.jpg,76
05339.jpg,125
04626.jpg,66
05338.jpg,60
07604.jpg,82
02402.jpg,57
07206.jpg,11
08118.jpg,31
02641.jpg,12
02617.jpg,139
02923.jpg,100
04105.jpg,151
02186.jpg,177
03874.jpg,27
05927.jpg,88
02183.jpg,194
05185.jpg,111
03166.jpg,121
02938.jpg,85
01999.jpg,123
05823.jpg,158
05186.jpg,113
02043.jpg,145
01435.jpg,188
02339.jpg,91
08104.jpg,186
04842.jpg,115
03440.jpg,109
03829.jpg,21
01002.jpg,42
03665.jpg,27
00461.jpg,178
00957.jpg,74
01797.jpg,153
05571.jpg,74
06927.jpg,177
04333.jpg,179
03840.jpg,136
00780.jpg,17
01788.jpg,87
04150.jpg,77
05812.jpg,132
05007.jpg,19
04649.jpg,171
06107.jpg,25
06042.jpg,153
02656.jpg,15
04308.jpg,8
05597.jpg,150
03521.jpg,165
06600.jpg,13
03608.jpg,5
01032.jpg,53
04590.jpg,61
07970.jpg,170
07528.jpg,48
00693.jpg,85
01461.jpg,95
03816.jpg,111
06653.jpg,38
04439.jpg,68
00821.jpg,77
05034.jpg,66
06500.jpg,134
04756.jpg,127
05471.jpg,33
00922.jpg,54
07601.jpg,171
00641.jpg,181
00271.jpg,173
03538.jpg,35
07161.jpg,65
02957.jpg,187
02009.jpg,24
06597.jpg,107
06833.jpg,0
03510.jpg,187
05413.jpg,22
07998.jpg,75
06908.jpg,145
06575.jpg,46
08028.jpg,12
01493.jpg,28
05667.jpg,80
06155.jpg,45
01242.jpg,93
05766.jpg,189
07265.jpg,55
02171.jpg,17
02282.jpg,111
00582.jpg,137
06666.jpg,78
04190.jpg,9
05710.jpg,25
00885.jpg,192
06405.jpg,38
03671.jpg,97
06402.jpg,112
07562.jpg,23
06146.jpg,75
05843.jpg,123
04639.jpg,16
05841.jpg,194
03982.jpg,190
00675.jpg,37
06909.jpg,146
04578.jpg,0
01962.jpg,170
07421.jpg,167
05014.jpg,155
01014.jpg,99
03368.jpg,176
07059.jpg,18
07589.jpg,107
06441.jpg,75
04600.jpg,189
03814.jpg,136
04763.jpg,146
03253.jpg,16
01453.jpg,191
02499.jpg,117
04469.jpg,30
01833.jpg,10
04463.jpg,57
01541.jpg,87
03970.jpg,61
06590.jpg,75
03976.jpg,64
01137.jpg,89
06843.jpg,135
01749.jpg,156
08126.jpg,116
06816.jpg,2
06368.jpg,133
03932.jpg,48
01967.jpg,69
06274.jpg,127
06272.jpg,182
07852.jpg,73
07173.jpg,28
07644.jpg,94
01935.jpg,42
02092.jpg,183
04923.jpg,15
06353.jpg,82
00646.jpg,82
00175.jpg,115
07422.jpg,119
01118.jpg,117
04779.jpg,38
03142.jpg,131
03052.jpg,129
06681.jpg,141
05911.jpg,77
00962.jpg,188
07162.jpg,107
05341.jpg,39
02329.jpg,103
01568.jpg,36
07862.jpg,122
07119.jpg,32
03175.jpg,42
07853.jpg,51
04201.jpg,60
00919.jpg,131
01489.jpg,33
03576.jpg,100
03503.jpg,20
05498.jpg,191
02082.jpg,57
05793.jpg,155
01030.jpg,142
01068.jpg,190
06588.jpg,50
02799.jpg,156
04509.jpg,8
04041.jpg,55
03406.jpg,179
00216.jpg,118
03206.jpg,22
04187.jpg,73
05028.jpg,27
06213.jpg,177
04508.jpg,134
04669.jpg,0
07946.jpg,142
07083.jpg,105
00160.jpg,41
06445.jpg,113
00221.jpg,9
06035.jpg,38
00673.jpg,85
03677.jpg,32
00709.jpg,35
08023.jpg,140
06783.jpg,191
06539.jpg,8
04765.jpg,151
05969.jpg,56
04826.jpg,152
03182.jpg,99
05574.jpg,113
00798.jpg,26
06526.jpg,149
07414.jpg,180
00697.jpg,3
01761.jpg,182
04895.jpg,131
07393.jpg,186
04805.jpg,149
06935.jpg,192
03732.jpg,8
00484.jpg,125
03520.jpg,88
02169.jpg,64
00052.jpg,147
02295.jpg,69
01298.jpg,19
00195.jpg,76
05080.jpg,78
05008.jpg,72
03023.jpg,59
05220.jpg,129
06325.jpg,130
06436.jpg,138
05685.jpg,32
06117.jpg,138
00912.jpg,6
07428.jpg,130
02370.jpg,24
04793.jpg,84
05333.jpg,2
00078.jpg,42
01537.jpg,6
04430.jpg,101
05603.jpg,41
06792.jpg,38
04971.jpg,170
04984.jpg,128
05808.jpg,73
03717.jpg,16
01023.jpg,25
05827.jpg,139
06160.jpg,121
01059.jpg,25
03571.jpg,154
08121.jpg,152
02774.jpg,35
06649.jpg,107
07040.jpg,30
01484.jpg,45
03819.jpg,107
04243.jpg,42
00254.jpg,130
03137.jpg,168
08097.jpg,54
01720.jpg,166
07342.jpg,87
06294.jpg,162
05714.jpg,121
06645.jpg,48
01217.jpg,158
06764.jpg,136
01128.jpg,29
06990.jpg,148
03739.jpg,52
07418.jpg,126
05566.jpg,88
05748.jpg,2
03057.jpg,18
03326.jpg,166
07548.jpg,71
04860.jpg,181
05072.jpg,37
00945.jpg,107
02060.jpg,67
05517.jpg,20
01968.jpg,46
02168.jpg,100
07267.jpg,80
02904.jpg,179
06688.jpg,102
06847.jpg,86
03445.jpg,21
02247.jpg,113
05814.jpg,48
02333.jpg,110
02450.jpg,48
00990.jpg,160
00045.jpg,185
07164.jpg,153
02212.jpg,73
04102.jpg,93
03711.jpg,171
07522.jpg,81
07743.jpg,178
05495.jpg,113
04226.jpg,144
00768.jpg,81
04900.jpg,51
06058.jpg,184
03006.jpg,58
05880.jpg,154
02730.jpg,139
06404.jpg,123
04916.jpg,106
06260.jpg,193
00637.jpg,100
01695.jpg,130
06869.jpg,14
03882.jpg,10
04172.jpg,163
05362.jpg,116
02581.jpg,114
05428.jpg,114
01318.jpg,66
04809.jpg,182
04345.jpg,52
03025.jpg,19
03938.jpg,165
04272.jpg,188
03074.jpg,124
05549.jpg,134
00430.jpg,184
00019.jpg,191
05383.jpg,118
04342.jpg,107
02741.jpg,183
01648.jpg,130
06829.jpg,34
05573.jpg,117
06278.jpg,36
07310.jpg,79
05506.jpg,131
07491.jpg,44
07056.jpg,34
05679.jpg,189
06669.jpg,133
07780.jpg,66
05980.jpg,116
05265.jpg,13
00272.jpg,99
01086.jpg,54
04395.jpg,101
04239.jpg,117
06153.jpg,124
07736.jpg,152
05119.jpg,195
03533.jpg,16
05726.jpg,58
07693.jpg,16
01309.jpg,73
06700.jpg,146
05741.jpg,51
04163.jpg,69
05925.jpg,121
01774.jpg,194
04271.jpg,55
06447.jpg,75
01063.jpg,77
02602.jpg,183
02909.jpg,60
01524.jpg,21
00443.jpg,142
00521.jpg,152
04734.jpg,168
05382.jpg,8
00418.jpg,56
04929.jpg,41
02301.jpg,119
03672.jpg,105
00159.jpg,23
00856.jpg,40
00085.jpg,48
01384.jpg,84
07796.jpg,172
00348.jpg,54
06948.jpg,93
02267.jpg,18
05919.jpg,105
01810.jpg,20
02901.jpg,36
05838.jpg,186
02623.jpg,191
03011.jpg,1
00586.jpg,189
01335.jpg,44
07369.jpg,194
03144.jpg,65
05159.jpg,113
00336.jpg,111
04496.jpg,111
06079.jpg,180
04470.jpg,4
03595.jpg,21
00987.jpg,39
01244.jpg,154
05278.jpg,38
02948.jpg,13
01471.jpg,64
02808.jpg,74
05606.jpg,145
05982.jpg,184
03534.jpg,31
03726.jpg,101
05068.jpg,42
02271.jpg,124
07415.jpg,120
02781.jpg,122
06960.jpg,193
00777.jpg,119
07694.jpg,162
02560.jpg,133
07674.jpg,104
02315.jpg,171
02946.jpg,74
05532.jpg,121
04436.jpg,181
07275.jpg,190
02961.jpg,195
01328.jpg,58
02632.jpg,14
03509.jpg,124
00490.jpg,28
04051.jpg,61
06211.jpg,181
00381.jpg,124
02456.jpg,24
00636.jpg,152
05738.jpg,52
05300.jpg,170
05060.jpg,131
06623.jpg,123
04612.jpg,104
02992.jpg,29
04778.jpg,30
03566.jpg,106
00969.jpg,95
02056.jpg,23
02952.jpg,183
00549.jpg,12
05456.jpg,81
01067.jpg,113
00327.jpg,179
01008.jpg,42
00373.jpg,171
02461.jpg,190
06198.jpg,156
01860.jpg,190
04746.jpg,39
04218.jpg,58
01768.jpg,8
07208.jpg,132
07837.jpg,111
04146.jpg,181
01198.jpg,52
05087.jpg,34
02589.jpg,2
05212.jpg,19
07947.jpg,88
01117.jpg,108
03255.jpg,148
05037.jpg,129
02795.jpg,57
02527.jpg,171
00947.jpg,106
02711.jpg,173
01517.jpg,168
01534.jpg,18
01017.jpg,126
02708.jpg,175
03913.jpg,134
06541.jpg,68
03722.jpg,28
02379.jpg,183
08114.jpg,165
07619.jpg,45
00345.jpg,112
00826.jpg,109
06842.jpg,134
00910.jpg,39
06494.jpg,100
04386.jpg,9
03834.jpg,131
07486.jpg,139
04376.jpg,160
06360.jpg,87
06966.jpg,84
04302.jpg,56
03370.jpg,30
03547.jpg,13
05209.jpg,91
03797.jpg,93
03694.jpg,160
06973.jpg,137
02286.jpg,7
01441.jpg,147
03139.jpg,14
03997.jpg,113
03140.jpg,147
01866.jpg,98
00385.jpg,140
07526.jpg,61
03851.jpg,90
02395.jpg,20
00055.jpg,41
05436.jpg,54
00442.jpg,189
01432.jpg,69
08102.jpg,163
01437.jpg,79
00514.jpg,108
01734.jpg,139
05894.jpg,188
00236.jpg,6
04507.jpg,114
07758.jpg,157
03002.jpg,178
07121.jpg,2
00404.jpg,179
00433.jpg,163
04160.jpg,177
07348.jpg,139
04813.jpg,143
04145.jpg,127
08057.jpg,142
04997.jpg,130
02231.jpg,43
06947.jpg,16
00234.jpg,131
06226.jpg,35
06668.jpg,165
07605.jpg,43
03546.jpg,153
04350.jpg,66
00535.jpg,153
04129.jpg,28
04137.jpg,57
01001.jpg,42
03400.jpg,133
06181.jpg,40
04084.jpg,176
06164.jpg,114
03695.jpg,74
01147.jpg,63
00999.jpg,57
04823.jpg,155
00394.jpg,146
02864.jpg,169
06710.jpg,174
07811.jpg,147
07639.jpg,30
04447.jpg,16
02141.jpg,102
04953.jpg,97
00043.jpg,118
01405.jpg,154
01964.jpg,91
06505.jpg,43
07481.jpg,72
07440.jpg,50
04989.jpg,43
00193.jpg,47
02399.jpg,120
03602.jpg,55
04875.jpg,56
05676.jpg,140
05086.jpg,14
00747.jpg,166
05476.jpg,87
06468.jpg,83
07480.jpg,36
02837.jpg,137
05605.jpg,49
00302.jpg,18
01477.jpg,69
04666.jpg,117
02735.jpg,45
06788.jpg,107
07963.jpg,68
07140.jpg,161
02123.jpg,136
04263.jpg,191
00410.jpg,4
02139.jpg,160
02200.jpg,59
03272.jpg,97
07831.jpg,56
03574.jpg,165
05360.jpg,102
06382.jpg,116
06877.jpg,138
03719.jpg,172
04078.jpg,190
02517.jpg,60
06595.jpg,82
02305.jpg,7
06317.jpg,30
00167.jpg,40
00855.jpg,136
07557.jpg,29
01961.jpg,66
03754.jpg,175
04279.jpg,160
00022.jpg,35
02175.jpg,43
06057.jpg,113
05992.jpg,47
05416.jpg,74
06276.jpg,158
04144.jpg,109
02858.jpg,185
07286.jpg,34
07988.jpg,133
00708.jpg,163
07821.jpg,171
06386.jpg,54
01676.jpg,97
01984.jpg,56
07638.jpg,109
02718.jpg,40
00778.jpg,179
05893.jpg,42
04528.jpg,97
08067.jpg,149
01690.jpg,69
03482.jpg,70
03896.jpg,67
04275.jpg,78
02586.jpg,50
05302.jpg,150
00680.jpg,135
03026.jpg,136
00901.jpg,143
01348.jpg,36
01225.jpg,186
08143.jpg,111
02822.jpg,177
07732.jpg,112
07621.jpg,95
04198.jpg,129
03202.jpg,126
07289.jpg,167
01018.jpg,161
04314.jpg,185
01259.jpg,88
00644.jpg,108
06440.jpg,180
06234.jpg,33
02343.jpg,37
02793.jpg,123
04614.jpg,194
07563.jpg,66
06705.jpg,21
06607.jpg,126
07261.jpg,61
04865.jpg,27
01889.jpg,99
06686.jpg,139
00544.jpg,178
05085.jpg,22
07797.jpg,43
07496.jpg,15
03387.jpg,91
01361.jpg,8
07493.jpg,17
04873.jpg,165
01031.jpg,1
07691.jpg,140
01671.jpg,46
03915.jpg,127
06265.jpg,25
